Employee ID,Employee Name,Date of Birth,Date of Joining,Location,Reporting Manager
101,Alice,1981-05-10,2022-01-24,Austin,Jane Smith
101,Alice,1969-08-20,2020-07-19,San Francisco,Michael Brown
101,Alice,2000-07-15,2018-01-12,Seattle,John Doe
101,Alice,2002-07-03,2016-12-17,Los Angeles,Sarah Wilson
101,Alice,1990-01-06,2021-08-12,Seattle,Jane Smith
101,Alice,1973-07-06,2024-12-30,New York,Sarah Wilson
101,Alice,1994-08-03,2019-10-19,San Francisco,Jane Smith
101,Alice,1975-10-16,2023-06-17,Los Angeles,John Doe
101,Alice,1981-11-10,2022-07-17,New York,John Doe
101,Alice,1980-03-03,2024-03-14,Chicago,Jane Smith
101,Alice,1978-04-30,2021-05-12,Los Angeles,Jane Smith
101,Alice,1975-04-30,2024-02-05,Austin,Sarah Wilson
101,Alice,1984-06-10,2024-10-17,Seattle,Jane Smith
101,Alice,1969-12-23,2016-02-11,Seattle,Sarah Wilson
101,Alice,1979-03-20,2015-10-29,Austin,Jane Smith
101,Alice,1976-04-05,2022-07-27,Seattle,Jane Smith
101,Alice,2002-01-24,2024-03-01,Chicago,Jane Smith
101,Alice,2000-06-27,2024-03-09,Los Angeles,Jane Smith
101,Alice,1970-01-26,2018-07-01,Seattle,Sarah Wilson
101,Alice,1977-01-27,2020-09-23,Los Angeles,Michael Brown
101,Alice,2000-11-22,2023-07-14,Los Angeles,John Doe
101,Alice,1995-06-01,2019-02-01,Austin,Sarah Wilson
101,Alice,1984-10-29,2024-06-19,New York,Sarah Wilson
101,Alice,1966-05-22,2023-06-27,Chicago,Michael Brown
101,Alice,2000-06-07,2020-11-07,New York,Sarah Wilson
101,Alice,2001-03-09,2020-11-28,San Francisco,Michael Brown
101,Alice,1973-11-08,2023-06-17,Chicago,Michael Brown
101,Alice,1965-02-23,2020-10-20,Chicago,Sarah Wilson
101,Alice,1997-12-16,2017-01-25,Los Angeles,Emily Davis
101,Alice,1977-04-28,2021-04-11,Los Angeles,Sarah Wilson
101,Alice,1979-02-04,2020-05-03,New York,Jane Smith
101,Alice,1968-01-24,2019-07-25,New York,Sarah Wilson
101,Alice,1981-01-16,2023-11-12,San Francisco,John Doe
101,Alice,1989-05-19,2021-05-06,Seattle,Jane Smith
101,Alice,1992-01-17,2021-10-01,Austin,Michael Brown
101,Alice,1998-04-07,2018-03-20,San Francisco,Emily Davis
101,Alice,1970-07-11,2021-11-18,New York,Michael Brown
101,Alice,1966-08-12,2023-05-15,Austin,Michael Brown
101,Alice,1986-06-30,2021-02-05,Chicago,Michael Brown
101,Alice,1978-08-11,2018-12-05,New York,John Doe
101,Alice,1972-10-07,2017-01-02,Los Angeles,Emily Davis
101,Alice,1965-04-06,2018-01-10,San Francisco,Emily Davis
101,Alice,1980-08-07,2015-10-31,Austin,John Doe
101,Alice,1970-10-19,2024-04-17,Seattle,Emily Davis
101,Alice,1968-01-08,2023-05-12,San Francisco,Michael Brown
101,Alice,1985-08-08,2020-10-12,Los Angeles,John Doe
101,Alice,1969-07-09,2020-10-30,San Francisco,John Doe
101,Alice,1973-10-03,2023-12-31,San Francisco,Emily Davis
101,Alice,1995-09-26,2024-05-14,Los Angeles,Michael Brown
101,Alice,1970-07-01,2020-12-31,Seattle,Sarah Wilson
101,Alice,1994-05-27,2021-08-15,Seattle,Emily Davis
101,Alice,1993-11-02,2020-04-19,Chicago,Sarah Wilson
101,Alice,1979-11-08,2025-03-19,Los Angeles,Emily Davis
101,Alice,1974-06-12,2015-06-07,New York,Emily Davis
101,Alice,1995-11-24,2024-03-17,Seattle,Sarah Wilson
101,Alice,1991-02-09,2019-11-04,Seattle,Jane Smith
101,Alice,2001-05-28,2016-08-07,Seattle,Sarah Wilson
101,Alice,1982-07-21,2017-09-06,Chicago,John Doe
101,Alice,1978-01-30,2025-01-03,Los Angeles,Jane Smith
101,Alice,1965-01-01,2022-12-23,New York,Emily Davis
101,Alice,1976-06-23,2021-12-26,New York,Emily Davis
101,Alice,1967-06-11,2020-07-31,Chicago,Sarah Wilson
101,Alice,1989-11-23,2024-11-05,Seattle,Michael Brown
101,Alice,1972-04-24,2024-11-20,New York,Michael Brown
101,Alice,1974-07-21,2021-08-06,New York,Michael Brown
101,Alice,1975-03-28,2018-02-07,San Francisco,Michael Brown
101,Alice,1967-06-07,2020-03-20,New York,John Doe
101,Alice,1985-12-29,2020-04-08,Austin,Emily Davis
101,Alice,1980-04-30,2019-01-04,Seattle,Sarah Wilson
101,Alice,1992-01-04,2024-06-06,New York,Sarah Wilson
101,Alice,2000-06-02,2022-02-23,San Francisco,Emily Davis
101,Alice,1991-09-22,2020-08-30,Chicago,Sarah Wilson
101,Alice,1979-03-08,2021-08-30,Austin,Sarah Wilson
101,Alice,1976-12-06,2021-10-05,New York,John Doe
101,Alice,1965-11-01,2017-10-19,Los Angeles,Jane Smith
101,Alice,1974-07-27,2022-09-06,San Francisco,Emily Davis
101,Alice,1982-02-27,2018-08-16,Los Angeles,Jane Smith
101,Alice,1982-10-26,2020-12-27,New York,John Doe
101,Alice,1979-08-01,2023-12-29,New York,Michael Brown
101,Alice,1997-05-17,2023-02-08,San Francisco,Sarah Wilson
101,Alice,1985-03-29,2022-11-21,Seattle,John Doe
101,Alice,2001-07-30,2015-11-23,San Francisco,Emily Davis
101,Alice,1977-02-05,2022-07-09,Los Angeles,Sarah Wilson
101,Alice,1974-07-05,2021-05-18,Austin,John Doe
101,Alice,1973-06-24,2017-02-21,Austin,Emily Davis
101,Alice,1968-02-09,2016-03-17,San Francisco,Jane Smith
101,Alice,1993-05-10,2016-02-15,Chicago,Jane Smith
101,Alice,1989-06-04,2016-07-08,Chicago,Emily Davis
101,Alice,1966-02-22,2020-08-15,San Francisco,Sarah Wilson
101,Alice,1989-12-20,2016-07-04,New York,Emily Davis
101,Alice,1974-12-19,2018-07-22,San Francisco,John Doe
101,Alice,1983-04-02,2016-07-27,New York,Emily Davis
101,Alice,1971-08-07,2025-02-11,New York,Michael Brown
101,Alice,1989-08-13,2021-11-26,Chicago,John Doe
101,Alice,1995-03-26,2019-07-26,San Francisco,Emily Davis
101,Alice,1976-05-18,2017-12-28,Austin,Emily Davis
101,Alice,2002-12-07,2021-11-05,Austin,Jane Smith
101,Alice,1989-07-15,2025-02-01,Seattle,John Doe
101,Alice,1976-05-25,2019-02-15,San Francisco,Michael Brown
101,Alice,1972-11-27,2020-03-23,Austin,Emily Davis
101,Alice,1974-10-07,2017-02-28,Chicago,Jane Smith
101,Alice,1964-10-28,2018-07-18,Los Angeles,John Doe
101,Alice,1982-11-05,2025-05-27,Austin,Jane Smith
101,Alice,1978-02-15,2022-03-27,San Francisco,Michael Brown
101,Alice,1972-12-18,2022-02-16,Seattle,Michael Brown
101,Alice,1991-09-21,2025-05-27,San Francisco,John Doe
101,Alice,1974-03-01,2021-03-20,New York,John Doe
101,Alice,1970-09-03,2021-07-24,Chicago,Jane Smith
101,Alice,1968-10-16,2019-10-10,Los Angeles,Jane Smith
101,Alice,1977-05-07,2016-06-16,Chicago,Michael Brown
101,Alice,2001-04-25,2015-12-29,Seattle,Michael Brown
101,Alice,1984-07-21,2020-01-21,Austin,Sarah Wilson
101,Alice,1996-04-01,2024-05-25,Los Angeles,Michael Brown
101,Alice,1978-05-01,2024-10-19,Seattle,Emily Davis
101,Alice,2001-10-23,2024-07-05,New York,John Doe
101,Alice,1998-05-12,2015-12-12,New York,Sarah Wilson
101,Alice,1997-01-28,2022-08-21,Seattle,Emily Davis
101,Alice,1999-01-23,2017-05-12,Los Angeles,Michael Brown
101,Alice,1998-10-24,2015-07-06,New York,Sarah Wilson
101,Alice,1989-09-16,2015-11-05,Chicago,Jane Smith
101,Alice,1978-09-28,2021-08-11,Chicago,Jane Smith
101,Alice,1978-11-06,2023-08-30,Los Angeles,Emily Davis
101,Alice,1973-12-17,2018-02-19,San Francisco,Emily Davis
101,Alice,1991-01-27,2020-05-31,Los Angeles,John Doe
101,Alice,1997-08-02,2018-06-02,Chicago,John Doe
101,Alice,1967-09-19,2022-07-17,Austin,John Doe
101,Alice,1969-09-13,2022-11-08,San Francisco,Michael Brown
101,Alice,1980-03-10,2020-12-02,Seattle,Emily Davis
101,Alice,1988-11-29,2017-12-12,New York,Jane Smith
101,Alice,1979-09-29,2016-08-15,San Francisco,Michael Brown
101,Alice,1982-11-28,2021-07-21,Los Angeles,Emily Davis
101,Alice,1966-04-26,2022-08-01,San Francisco,John Doe
101,Alice,1970-07-01,2017-05-09,Los Angeles,Jane Smith
101,Alice,1971-03-17,2020-02-23,Seattle,Sarah Wilson
101,Alice,1988-03-13,2022-03-31,Chicago,Jane Smith
101,Alice,1982-05-15,2020-12-09,New York,Emily Davis
101,Alice,1991-12-26,2023-06-09,Seattle,John Doe
101,Alice,1969-11-03,2023-09-26,Los Angeles,Michael Brown
101,Alice,1985-11-13,2020-04-03,Seattle,John Doe
101,Alice,2000-05-29,2016-09-04,Seattle,John Doe
101,Alice,1972-05-15,2019-11-18,Chicago,John Doe
101,Alice,1973-05-28,2019-08-29,New York,Sarah Wilson
101,Alice,1991-03-31,2025-03-20,New York,Jane Smith
101,Alice,1973-10-25,2024-10-04,San Francisco,John Doe
101,Alice,1988-05-31,2021-06-06,Seattle,Jane Smith
101,Alice,1985-02-07,2023-05-12,Chicago,Jane Smith
101,Alice,1991-08-09,2018-01-07,Austin,Michael Brown
101,Alice,1998-09-08,2022-07-05,Los Angeles,Michael Brown
101,Alice,1995-12-30,2018-06-10,Austin,Emily Davis
101,Alice,1972-03-05,2023-05-23,San Francisco,Emily Davis
101,Alice,1965-02-08,2023-01-26,New York,Emily Davis
101,Alice,1986-11-11,2017-10-08,Chicago,Sarah Wilson
101,Alice,1987-04-04,2016-08-01,San Francisco,John Doe
101,Alice,1985-08-19,2015-07-02,Los Angeles,Sarah Wilson
101,Alice,1967-08-12,2018-10-28,New York,Michael Brown
101,Alice,1991-09-26,2023-12-03,Chicago,Sarah Wilson
101,Alice,1982-08-26,2024-09-15,New York,Emily Davis
101,Alice,1978-02-11,2023-12-25,Austin,Jane Smith
101,Alice,1989-10-30,2017-07-08,New York,Michael Brown
101,Alice,1970-08-22,2015-06-30,New York,Emily Davis
101,Alice,1978-06-12,2017-08-09,Austin,Michael Brown
101,Alice,1990-03-21,2020-05-12,San Francisco,John Doe
101,Alice,1964-07-24,2016-09-15,Austin,Emily Davis
101,Alice,1992-07-20,2023-11-14,Chicago,John Doe
101,Alice,1997-07-14,2020-05-29,Austin,Sarah Wilson
101,Alice,1991-09-08,2023-08-25,New York,Sarah Wilson
101,Alice,1983-02-14,2020-06-20,Chicago,Emily Davis
101,Alice,2002-03-15,2017-01-07,San Francisco,Sarah Wilson
101,Alice,1981-04-09,2018-09-21,Seattle,John Doe
101,Alice,1965-06-27,2024-12-22,Los Angeles,Emily Davis
101,Alice,1995-12-25,2023-04-20,New York,John Doe
101,Alice,1969-12-12,2018-04-01,Austin,John Doe
101,Alice,1982-01-08,2025-05-19,Chicago,Michael Brown
101,Alice,1980-09-29,2023-11-30,San Francisco,Michael Brown
101,Alice,1976-09-24,2024-02-22,Chicago,Jane Smith
101,Alice,1980-11-30,2018-12-02,Los Angeles,John Doe
101,Alice,1980-07-13,2016-09-25,San Francisco,Michael Brown
101,Alice,1970-09-04,2021-08-20,Seattle,John Doe
101,Alice,2002-01-28,2020-06-02,Austin,Jane Smith
101,Alice,1970-09-24,2019-03-24,Seattle,Emily Davis
101,Alice,1980-08-11,2024-05-17,Chicago,Sarah Wilson
101,Alice,1982-05-10,2020-09-29,Los Angeles,Jane Smith
101,Alice,1970-03-09,2016-03-11,Chicago,John Doe
101,Alice,1993-05-02,2022-05-14,Chicago,Sarah Wilson
101,Alice,1989-08-04,2017-04-04,Chicago,Jane Smith
101,Alice,1968-05-03,2018-05-28,New York,Jane Smith
101,Alice,1970-05-10,2019-09-27,New York,Michael Brown
101,Alice,1981-08-11,2016-11-25,San Francisco,Emily Davis
101,Alice,1978-12-16,2019-10-21,Seattle,Emily Davis
101,Alice,1987-12-17,2019-02-05,Chicago,Emily Davis
101,Alice,1992-07-07,2020-03-11,New York,Sarah Wilson
101,Alice,1965-07-31,2022-07-10,New York,Emily Davis
101,Alice,1971-12-25,2015-09-10,New York,Emily Davis
101,Alice,1967-05-12,2021-04-20,Seattle,Sarah Wilson
101,Alice,1994-09-12,2022-02-17,San Francisco,Sarah Wilson
101,Alice,1989-09-28,2022-10-15,New York,John Doe
101,Alice,1980-07-10,2016-04-09,Chicago,Emily Davis
101,Alice,2001-06-19,2021-11-21,Los Angeles,Sarah Wilson
101,Alice,1973-09-24,2018-03-05,Los Angeles,Michael Brown
101,Alice,1973-04-16,2015-06-06,San Francisco,John Doe
102,Bob,1982-01-31,2024-08-14,Chicago,Jane Smith
102,Bob,1970-06-30,2021-12-11,Austin,John Doe
102,Bob,1976-10-28,2022-02-12,Seattle,Jane Smith
102,Bob,1990-10-14,2017-02-10,Chicago,Emily Davis
102,Bob,1964-12-29,2024-01-11,San Francisco,Jane Smith
102,Bob,1995-08-12,2022-07-19,Chicago,Michael Brown
102,Bob,1995-11-20,2016-01-19,Austin,Sarah Wilson
102,Bob,1991-04-01,2022-06-11,Los Angeles,Jane Smith
102,Bob,1982-02-13,2015-10-21,New York,Emily Davis
102,Bob,1993-12-13,2018-03-07,Austin,Michael Brown
102,Bob,1986-05-26,2019-07-29,Austin,Jane Smith
102,Bob,1992-02-03,2019-12-08,New York,Michael Brown
102,Bob,1998-10-12,2020-11-24,San Francisco,Jane Smith
102,Bob,1985-02-25,2019-07-03,Los Angeles,Emily Davis
102,Bob,1969-07-02,2019-02-21,Los Angeles,Michael Brown
102,Bob,1990-05-09,2016-12-24,San Francisco,John Doe
102,Bob,1968-03-09,2023-08-01,Austin,John Doe
102,Bob,1975-12-11,2024-01-20,Los Angeles,Emily Davis
102,Bob,1991-09-03,2021-11-26,New York,John Doe
102,Bob,1982-12-28,2021-09-17,Austin,Sarah Wilson
102,Bob,1985-09-16,2023-02-13,Seattle,John Doe
102,Bob,1995-02-12,2021-11-06,Chicago,Sarah Wilson
102,Bob,1997-04-11,2016-05-07,Los Angeles,Sarah Wilson
102,Bob,1977-05-31,2024-08-05,Los Angeles,Emily Davis
102,Bob,2001-11-12,2025-03-23,New York,Emily Davis
102,Bob,1974-09-12,2016-11-25,Los Angeles,Emily Davis
102,Bob,2001-04-08,2023-05-18,New York,Sarah Wilson
102,Bob,1994-07-09,2023-12-24,San Francisco,John Doe
102,Bob,1990-02-20,2018-08-11,Chicago,Jane Smith
102,Bob,1983-05-10,2024-02-27,Los Angeles,Jane Smith
102,Bob,1986-11-21,2019-05-05,New York,Michael Brown
102,Bob,1971-07-04,2019-06-04,Los Angeles,Sarah Wilson
102,Bob,1980-07-11,2019-02-15,New York,Sarah Wilson
102,Bob,1971-05-07,2018-06-18,Los Angeles,John Doe
102,Bob,1968-10-30,2024-08-30,Los Angeles,John Doe
102,Bob,1992-06-18,2017-09-04,Chicago,John Doe
102,Bob,1972-06-13,2023-01-19,San Francisco,Emily Davis
102,Bob,1989-05-23,2023-09-02,San Francisco,Emily Davis
102,Bob,1986-10-05,2021-09-07,San Francisco,Emily Davis
102,Bob,1983-04-06,2020-04-06,Los Angeles,Sarah Wilson
102,Bob,1975-11-23,2021-07-18,Chicago,Jane Smith
102,Bob,1972-03-15,2018-04-14,New York,Sarah Wilson
102,Bob,1978-07-16,2019-06-17,New York,Jane Smith
102,Bob,1979-03-25,2016-05-08,New York,Michael Brown
102,Bob,1979-03-18,2018-03-25,Chicago,Sarah Wilson
102,Bob,1989-12-15,2017-01-19,Austin,Emily Davis
102,Bob,1991-02-20,2017-11-13,New York,Emily Davis
102,Bob,1976-10-26,2020-01-14,Seattle,Michael Brown
102,Bob,1986-10-04,2018-12-14,San Francisco,Emily Davis
102,Bob,1970-07-30,2020-04-29,Austin,Michael Brown
102,Bob,1986-06-07,2019-04-13,San Francisco,Michael Brown
102,Bob,2002-10-31,2025-05-16,Austin,Jane Smith
102,Bob,1984-11-21,2023-04-26,Seattle,Emily Davis
102,Bob,1972-05-09,2017-10-12,Seattle,Jane Smith
102,Bob,1965-01-19,2019-03-21,Seattle,Michael Brown
102,Bob,1988-04-01,2024-05-13,San Francisco,John Doe
102,Bob,1997-01-21,2021-04-24,San Francisco,Michael Brown
102,Bob,1976-06-18,2023-08-27,Seattle,John Doe
102,Bob,1978-11-06,2016-04-09,Austin,Sarah Wilson
102,Bob,1970-09-06,2021-10-09,Los Angeles,Michael Brown
102,Bob,1978-12-18,2019-12-04,Austin,Sarah Wilson
102,Bob,1988-07-06,2016-04-16,Austin,Sarah Wilson
102,Bob,1975-05-05,2025-02-06,Seattle,John Doe
102,Bob,1996-02-19,2017-03-26,Chicago,Michael Brown
102,Bob,1995-09-21,2023-07-03,Los Angeles,Michael Brown
102,Bob,1980-05-23,2017-04-06,Seattle,Emily Davis
102,Bob,1994-01-01,2023-09-21,Austin,Jane Smith
102,Bob,1989-06-28,2023-06-27,New York,Sarah Wilson
102,Bob,1977-10-05,2021-06-22,Austin,Sarah Wilson
102,Bob,1989-07-06,2017-08-29,Chicago,Emily Davis
102,Bob,1973-07-07,2023-06-15,Chicago,Michael Brown
102,Bob,1966-07-03,2015-06-09,Seattle,Emily Davis
102,Bob,1989-07-25,2020-04-12,Seattle,John Doe
102,Bob,1985-06-17,2018-11-17,San Francisco,Michael Brown
102,Bob,1966-08-22,2019-07-03,San Francisco,Jane Smith
102,Bob,1981-01-10,2015-09-13,Austin,Michael Brown
102,Bob,1995-02-12,2024-02-20,New York,Jane Smith
102,Bob,1983-01-03,2017-11-27,San Francisco,John Doe
102,Bob,2000-08-18,2018-11-21,Austin,Jane Smith
102,Bob,1993-07-31,2019-01-03,Los Angeles,Michael Brown
102,Bob,1968-02-17,2022-01-04,New York,John Doe
102,Bob,1984-12-05,2020-03-28,Los Angeles,Jane Smith
102,Bob,1995-10-08,2025-04-27,Chicago,Sarah Wilson
102,Bob,1992-03-06,2022-11-03,Chicago,Michael Brown
102,Bob,1984-08-05,2021-01-08,Los Angeles,Emily Davis
102,Bob,1965-02-01,2017-06-22,Los Angeles,John Doe
102,Bob,1984-05-07,2020-02-07,San Francisco,Sarah Wilson
102,Bob,1965-06-20,2019-02-12,New York,John Doe
102,Bob,1979-09-13,2022-07-06,New York,Michael Brown
102,Bob,1992-11-19,2021-01-06,New York,Jane Smith
102,Bob,1964-10-28,2021-12-16,Austin,Emily Davis
102,Bob,1979-02-28,2019-05-24,Chicago,John Doe
102,Bob,1993-02-18,2018-03-25,Austin,Michael Brown
102,Bob,1965-04-03,2024-08-22,Chicago,Sarah Wilson
102,Bob,1968-09-03,2024-10-07,Chicago,Jane Smith
102,Bob,1978-01-15,2022-11-02,Los Angeles,John Doe
102,Bob,1977-11-24,2016-09-06,Los Angeles,John Doe
102,Bob,1984-08-05,2020-09-29,Seattle,John Doe
102,Bob,1978-12-28,2017-07-04,New York,Emily Davis
102,Bob,2001-08-16,2024-12-28,Seattle,Emily Davis
102,Bob,1985-08-13,2022-10-16,Austin,John Doe
102,Bob,1983-09-25,2020-05-01,New York,Michael Brown
102,Bob,1997-01-18,2019-10-09,Chicago,John Doe
102,Bob,1969-06-17,2022-12-30,Los Angeles,John Doe
102,Bob,1972-03-28,2020-02-15,San Francisco,Emily Davis
102,Bob,1964-07-17,2017-05-09,Los Angeles,Michael Brown
102,Bob,1985-06-23,2023-02-27,Seattle,Sarah Wilson
102,Bob,1972-12-02,2024-12-30,New York,Sarah Wilson
102,Bob,1971-05-19,2021-04-10,Los Angeles,John Doe
102,Bob,1997-06-16,2018-03-19,Chicago,John Doe
102,Bob,1977-04-03,2018-01-24,New York,John Doe
102,Bob,1982-11-29,2023-06-24,Austin,Sarah Wilson
102,Bob,1990-07-20,2017-12-28,New York,Jane Smith
102,Bob,1995-09-07,2018-08-04,Los Angeles,Sarah Wilson
102,Bob,1987-01-11,2023-07-25,New York,John Doe
102,Bob,1971-09-07,2020-04-11,New York,Jane Smith
102,Bob,1990-10-10,2021-07-28,New York,Michael Brown
102,Bob,1986-02-21,2022-12-04,Austin,Sarah Wilson
102,Bob,1993-03-09,2022-10-05,Seattle,Jane Smith
102,Bob,1983-11-28,2022-07-08,Seattle,Emily Davis
102,Bob,2000-11-19,2024-01-29,New York,Emily Davis
102,Bob,2002-10-13,2020-09-17,Chicago,Sarah Wilson
102,Bob,1999-08-11,2020-02-15,New York,Sarah Wilson
102,Bob,1981-11-28,2019-02-16,San Francisco,John Doe
102,Bob,1979-11-11,2021-01-01,Los Angeles,John Doe
102,Bob,1989-06-19,2018-12-06,New York,Sarah Wilson
102,Bob,1976-07-20,2022-03-22,Los Angeles,Sarah Wilson
102,Bob,1970-01-28,2023-10-04,Los Angeles,Michael Brown
102,Bob,1987-04-02,2021-07-06,Seattle,Jane Smith
102,Bob,1976-01-19,2016-12-12,New York,Emily Davis
102,Bob,1986-12-11,2017-03-24,New York,Emily Davis
102,Bob,1979-05-23,2023-12-26,San Francisco,Jane Smith
102,Bob,1998-06-23,2017-05-08,New York,Jane Smith
102,Bob,1999-05-11,2017-03-13,Chicago,Sarah Wilson
102,Bob,1976-08-25,2021-11-23,Seattle,Sarah Wilson
102,Bob,1986-09-01,2024-03-03,Chicago,Michael Brown
102,Bob,1995-08-12,2023-10-08,Seattle,Emily Davis
102,Bob,1988-09-29,2019-10-23,New York,Michael Brown
102,Bob,1989-06-12,2021-01-16,Austin,Jane Smith
102,Bob,1973-12-08,2022-11-01,Chicago,Michael Brown
102,Bob,1989-07-08,2021-12-29,San Francisco,John Doe
102,Bob,1966-06-16,2024-07-03,New York,Sarah Wilson
102,Bob,1971-09-01,2024-05-27,Chicago,Michael Brown
102,Bob,1969-10-09,2024-01-06,Chicago,John Doe
102,Bob,1979-04-07,2017-03-23,Seattle,Michael Brown
102,Bob,1974-11-26,2016-01-16,Seattle,Emily Davis
102,Bob,1989-04-19,2025-02-23,Chicago,Jane Smith
102,Bob,1999-12-24,2016-05-22,San Francisco,Jane Smith
102,Bob,1981-03-06,2022-06-17,San Francisco,John Doe
102,Bob,2002-01-18,2019-12-10,Seattle,Sarah Wilson
102,Bob,1966-05-31,2017-04-02,San Francisco,Emily Davis
102,Bob,1978-08-27,2018-12-09,Seattle,Sarah Wilson
102,Bob,1992-09-21,2022-11-04,San Francisco,Sarah Wilson
102,Bob,1996-11-06,2017-01-20,Seattle,Sarah Wilson
102,Bob,1975-04-14,2024-12-28,Chicago,Sarah Wilson
102,Bob,1975-03-12,2018-08-01,Austin,Emily Davis
102,Bob,1972-11-13,2018-06-10,Los Angeles,Michael Brown
102,Bob,1979-08-17,2023-06-22,Chicago,Jane Smith
102,Bob,1987-12-03,2019-08-01,Los Angeles,Sarah Wilson
102,Bob,1971-03-07,2016-10-14,Los Angeles,Emily Davis
102,Bob,1996-09-30,2020-08-12,New York,Jane Smith
102,Bob,2000-02-18,2017-07-18,Chicago,Jane Smith
102,Bob,1999-01-29,2015-11-03,Austin,Michael Brown
102,Bob,1968-06-11,2024-12-18,New York,Jane Smith
102,Bob,1971-06-19,2025-05-01,Chicago,Emily Davis
102,Bob,2003-01-26,2017-04-23,San Francisco,Michael Brown
102,Bob,1995-04-30,2020-04-18,Los Angeles,Emily Davis
102,Bob,1969-03-18,2015-08-17,Austin,Michael Brown
102,Bob,1995-12-13,2016-08-11,New York,Michael Brown
102,Bob,1982-02-25,2025-03-18,Chicago,Emily Davis
102,Bob,1991-10-22,2019-06-18,Chicago,Sarah Wilson
102,Bob,2002-04-25,2023-12-02,Chicago,John Doe
102,Bob,1972-01-10,2015-08-25,New York,John Doe
102,Bob,1981-08-09,2018-06-30,Chicago,Jane Smith
102,Bob,1980-08-31,2024-02-09,Austin,Emily Davis
102,Bob,1985-04-08,2015-10-03,Seattle,Sarah Wilson
102,Bob,1964-10-12,2015-11-23,Seattle,Emily Davis
102,Bob,1987-12-30,2016-06-15,San Francisco,Sarah Wilson
102,Bob,1998-11-14,2017-11-26,San Francisco,Jane Smith
102,Bob,1994-03-14,2023-08-09,New York,Jane Smith
102,Bob,1978-11-10,2018-10-21,New York,John Doe
102,Bob,2000-12-24,2023-04-20,Seattle,Jane Smith
102,Bob,1996-06-29,2024-05-03,Chicago,Jane Smith
102,Bob,1977-10-10,2024-11-25,New York,Michael Brown
102,Bob,1989-07-06,2016-07-10,Seattle,Jane Smith
102,Bob,1970-09-16,2015-08-13,San Francisco,John Doe
102,Bob,1976-01-18,2021-11-14,Austin,Jane Smith
102,Bob,1984-07-22,2023-12-21,Los Angeles,Jane Smith
102,Bob,1980-07-16,2023-03-04,Seattle,Sarah Wilson
102,Bob,1971-10-12,2023-04-02,Seattle,Jane Smith
102,Bob,1981-01-07,2020-03-27,Seattle,Jane Smith
102,Bob,1994-03-15,2023-04-24,Chicago,Emily Davis
102,Bob,1976-04-16,2016-05-06,San Francisco,Sarah Wilson
102,Bob,1985-01-16,2023-05-07,Seattle,John Doe
102,Bob,1967-11-28,2018-11-26,New York,Emily Davis
102,Bob,1981-06-26,2022-04-03,Chicago,Emily Davis
102,Bob,1975-11-18,2015-09-30,New York,Emily Davis
102,Bob,1967-06-19,2024-06-30,New York,Emily Davis
102,Bob,1997-08-02,2023-11-02,Austin,Emily Davis
102,Bob,2001-06-26,2016-03-04,New York,Emily Davis
103,Charlie,1969-01-20,2015-12-06,Chicago,John Doe
103,Charlie,1974-12-03,2022-09-18,Los Angeles,Jane Smith
103,Charlie,1985-07-11,2017-06-27,Seattle,Sarah Wilson
103,Charlie,1971-02-23,2023-03-18,Seattle,Emily Davis
103,Charlie,1969-09-16,2016-08-16,Seattle,Emily Davis
103,Charlie,1974-02-25,2018-01-11,Los Angeles,John Doe
103,Charlie,1981-11-23,2023-12-05,Chicago,Michael Brown
103,Charlie,1987-12-21,2020-03-23,Los Angeles,Michael Brown
103,Charlie,2002-04-07,2015-11-14,Austin,John Doe
103,Charlie,1998-02-13,2024-09-22,San Francisco,John Doe
103,Charlie,1968-09-03,2025-04-03,San Francisco,Sarah Wilson
103,Charlie,1976-06-24,2017-02-12,San Francisco,Sarah Wilson
103,Charlie,1967-11-06,2025-04-09,Chicago,Sarah Wilson
103,Charlie,1972-02-04,2020-07-10,Austin,Sarah Wilson
103,Charlie,1967-02-23,2024-05-15,Austin,Jane Smith
103,Charlie,1973-09-17,2018-07-19,Seattle,Sarah Wilson
103,Charlie,1996-02-21,2018-01-28,New York,Jane Smith
103,Charlie,1985-09-02,2021-05-09,Austin,Michael Brown
103,Charlie,2002-10-07,2018-07-16,San Francisco,Jane Smith
103,Charlie,1989-05-11,2019-03-21,San Francisco,Michael Brown
103,Charlie,1989-08-14,2025-04-20,Austin,Jane Smith
103,Charlie,1976-09-20,2022-09-19,San Francisco,John Doe
103,Charlie,1983-01-25,2021-11-28,Seattle,John Doe
103,Charlie,1967-04-09,2021-06-17,San Francisco,John Doe
103,Charlie,1977-12-10,2023-08-15,Seattle,Jane Smith
103,Charlie,1984-11-02,2018-10-14,New York,John Doe
103,Charlie,1982-12-26,2020-08-02,Austin,Jane Smith
103,Charlie,1979-05-06,2019-06-10,Seattle,Emily Davis
103,Charlie,1994-03-18,2021-11-09,Seattle,Sarah Wilson
103,Charlie,1992-08-17,2020-02-11,Seattle,Jane Smith
103,Charlie,1970-05-02,2020-09-07,Austin,Emily Davis
103,Charlie,1979-09-26,2018-04-27,San Francisco,Emily Davis
103,Charlie,1990-05-24,2016-05-26,Seattle,Emily Davis
103,Charlie,1974-01-01,2020-07-20,Seattle,Jane Smith
103,Charlie,1968-04-07,2016-12-02,San Francisco,Sarah Wilson
103,Charlie,1982-09-24,2023-07-21,New York,Sarah Wilson
103,Charlie,1970-05-09,2023-05-15,Austin,Jane Smith
103,Charlie,1988-07-02,2019-10-21,Austin,John Doe
103,Charlie,2002-05-09,2016-07-24,New York,Jane Smith
103,Charlie,1977-07-22,2016-08-30,Austin,Emily Davis
103,Charlie,1994-02-20,2020-03-31,Chicago,Michael Brown
103,Charlie,1989-01-24,2016-06-23,New York,Jane Smith
103,Charlie,1969-11-18,2024-04-01,New York,Emily Davis
103,Charlie,1970-05-02,2021-11-19,Chicago,Jane Smith
103,Charlie,1972-08-02,2022-12-07,New York,Jane Smith
103,Charlie,1969-08-12,2024-06-28,Seattle,John Doe
103,Charlie,1992-10-13,2018-07-21,Los Angeles,John Doe
103,Charlie,1999-09-24,2023-06-16,New York,John Doe
103,Charlie,1997-04-02,2023-10-17,Los Angeles,John Doe
103,Charlie,1966-07-12,2019-02-10,Seattle,John Doe
103,Charlie,1999-08-04,2025-06-03,Los Angeles,Michael Brown
103,Charlie,1987-02-17,2018-01-07,Austin,Emily Davis
103,Charlie,1999-06-13,2018-06-27,New York,Sarah Wilson
103,Charlie,1989-10-28,2025-03-28,Seattle,Jane Smith
103,Charlie,1969-03-15,2019-03-02,San Francisco,Jane Smith
103,Charlie,1973-11-10,2019-03-07,Chicago,Emily Davis
103,Charlie,1983-04-26,2016-09-11,Seattle,Sarah Wilson
103,Charlie,1983-12-08,2020-06-08,New York,Jane Smith
103,Charlie,1993-10-23,2017-02-02,Chicago,Michael Brown
103,Charlie,1973-11-12,2024-01-31,New York,Sarah Wilson
103,Charlie,1966-12-10,2015-08-04,New York,Sarah Wilson
103,Charlie,1985-07-07,2019-01-29,San Francisco,Emily Davis
103,Charlie,1974-11-13,2022-12-26,Los Angeles,Michael Brown
103,Charlie,1999-12-04,2022-04-28,San Francisco,Michael Brown
103,Charlie,1988-09-26,2023-06-30,Austin,Sarah Wilson
103,Charlie,1975-02-09,2022-03-06,Austin,Michael Brown
103,Charlie,1966-07-25,2019-05-04,Los Angeles,Emily Davis
103,Charlie,1992-05-02,2022-12-15,New York,Emily Davis
103,Charlie,1977-05-13,2019-05-23,Chicago,Emily Davis
103,Charlie,1991-09-07,2016-11-07,Seattle,Jane Smith
103,Charlie,1984-08-27,2015-07-12,San Francisco,Jane Smith
103,Charlie,1994-11-21,2024-03-14,Los Angeles,Jane Smith
103,Charlie,1965-04-15,2024-10-05,Seattle,Michael Brown
103,Charlie,1972-01-15,2022-04-16,New York,John Doe
103,Charlie,1965-07-17,2020-09-13,San Francisco,Jane Smith
103,Charlie,2000-12-27,2017-10-08,Austin,John Doe
103,Charlie,2001-12-11,2019-08-07,Seattle,Michael Brown
103,Charlie,1987-02-19,2025-03-18,New York,Jane Smith
103,Charlie,1976-11-28,2018-08-06,Chicago,Michael Brown
103,Charlie,1973-08-14,2016-02-04,Seattle,John Doe
103,Charlie,1983-05-20,2024-05-31,Seattle,John Doe
103,Charlie,1994-03-12,2017-08-12,Chicago,Emily Davis
103,Charlie,1986-04-10,2023-03-15,Austin,Jane Smith
103,Charlie,1972-04-10,2022-11-30,New York,Sarah Wilson
103,Charlie,1980-05-29,2024-01-02,Los Angeles,Sarah Wilson
103,Charlie,1966-05-16,2018-05-16,Austin,John Doe
103,Charlie,1975-02-25,2024-07-10,Los Angeles,Jane Smith
103,Charlie,1974-02-25,2016-01-02,San Francisco,Emily Davis
103,Charlie,1999-01-16,2021-04-09,Austin,Sarah Wilson
103,Charlie,1994-12-31,2019-08-09,Austin,John Doe
103,Charlie,1995-11-15,2024-01-20,Austin,John Doe
103,Charlie,1964-11-19,2022-06-12,Seattle,Michael Brown
103,Charlie,1981-06-01,2019-03-25,Seattle,Michael Brown
103,Charlie,1983-04-16,2021-12-30,Los Angeles,John Doe
103,Charlie,1996-02-11,2023-04-28,Chicago,Jane Smith
103,Charlie,1966-03-27,2019-07-07,New York,Jane Smith
103,Charlie,1967-03-07,2016-01-01,Seattle,Michael Brown
103,Charlie,1981-09-02,2018-01-14,San Francisco,Jane Smith
103,Charlie,1978-03-27,2021-02-04,Los Angeles,John Doe
103,Charlie,1993-07-10,2023-02-16,Seattle,Sarah Wilson
103,Charlie,1976-11-17,2017-01-21,Austin,Jane Smith
103,Charlie,1995-08-31,2024-06-04,San Francisco,Michael Brown
103,Charlie,1999-01-21,2017-10-12,Seattle,Michael Brown
103,Charlie,1985-09-19,2021-07-14,San Francisco,Emily Davis
103,Charlie,2003-05-06,2024-10-13,Los Angeles,Sarah Wilson
103,Charlie,1986-12-29,2015-10-21,Chicago,Jane Smith
103,Charlie,1965-02-09,2023-04-30,Chicago,Michael Brown
103,Charlie,1968-04-09,2025-03-30,Chicago,Michael Brown
103,Charlie,1974-05-26,2017-02-02,San Francisco,John Doe
103,Charlie,1967-04-05,2022-03-29,New York,Sarah Wilson
103,Charlie,1982-01-19,2017-06-20,New York,Jane Smith
103,Charlie,2002-07-04,2016-02-04,San Francisco,Jane Smith
103,Charlie,1979-03-13,2018-12-02,Austin,John Doe
103,Charlie,1984-11-11,2016-05-18,Seattle,Emily Davis
103,Charlie,1999-05-18,2023-01-05,New York,Emily Davis
103,Charlie,1977-03-07,2018-03-28,Chicago,Emily Davis
103,Charlie,1978-11-23,2021-04-10,Chicago,Jane Smith
103,Charlie,1979-03-13,2018-03-05,Los Angeles,Emily Davis
103,Charlie,1991-07-05,2018-11-21,New York,Emily Davis
103,Charlie,1966-08-16,2018-03-11,Seattle,Jane Smith
103,Charlie,1994-10-21,2016-01-17,Seattle,Sarah Wilson
103,Charlie,1996-02-19,2015-06-16,New York,Jane Smith
103,Charlie,1976-01-10,2022-07-05,New York,Michael Brown
103,Charlie,1991-04-03,2017-01-24,New York,Jane Smith
103,Charlie,2002-01-07,2021-07-10,San Francisco,Jane Smith
103,Charlie,2000-07-12,2020-02-20,San Francisco,Michael Brown
103,Charlie,1966-07-20,2023-04-20,Chicago,John Doe
103,Charlie,1974-06-15,2021-04-28,New York,Sarah Wilson
103,Charlie,1982-03-01,2022-09-04,Seattle,Emily Davis
103,Charlie,1967-08-24,2023-09-14,Los Angeles,Michael Brown
103,Charlie,1973-11-13,2016-03-07,Los Angeles,John Doe
103,Charlie,1966-05-27,2017-09-26,Chicago,Sarah Wilson
103,Charlie,1986-05-11,2019-08-01,Los Angeles,Emily Davis
103,Charlie,1966-05-08,2017-03-02,Los Angeles,Jane Smith
103,Charlie,1985-01-19,2024-07-26,San Francisco,Michael Brown
103,Charlie,1977-08-31,2015-12-13,Chicago,Jane Smith
103,Charlie,1980-06-11,2021-08-03,Seattle,Emily Davis
103,Charlie,1974-06-08,2016-10-13,Austin,John Doe
103,Charlie,1988-10-10,2020-11-12,Chicago,John Doe
103,Charlie,1967-01-13,2025-05-23,New York,John Doe
103,Charlie,1991-02-16,2021-06-06,Los Angeles,Michael Brown
103,Charlie,1999-11-13,2019-03-15,Austin,Jane Smith
103,Charlie,1986-12-02,2018-06-24,New York,Sarah Wilson
103,Charlie,1965-06-06,2020-12-26,Austin,Sarah Wilson
103,Charlie,1975-01-22,2024-04-29,Los Angeles,Emily Davis
103,Charlie,1988-02-18,2016-12-15,San Francisco,Jane Smith
103,Charlie,1985-01-03,2019-02-02,San Francisco,Michael Brown
103,Charlie,1978-06-19,2018-05-26,Chicago,Jane Smith
103,Charlie,1974-03-08,2020-06-10,New York,Sarah Wilson
103,Charlie,1982-12-01,2025-01-26,New York,Sarah Wilson
103,Charlie,1998-01-06,2018-08-03,Los Angeles,Jane Smith
103,Charlie,1971-12-23,2019-03-15,Austin,Jane Smith
103,Charlie,2003-02-12,2021-10-01,San Francisco,Jane Smith
103,Charlie,1986-09-11,2018-02-28,Chicago,John Doe
103,Charlie,1989-05-23,2017-08-29,New York,Emily Davis
103,Charlie,1988-09-06,2019-04-26,Seattle,Jane Smith
103,Charlie,1985-12-23,2018-07-25,Chicago,Sarah Wilson
103,Charlie,2002-04-11,2024-02-07,Seattle,Jane Smith
103,Charlie,1968-09-06,2024-07-21,Austin,Michael Brown
103,Charlie,2003-02-13,2019-03-28,Seattle,Michael Brown
103,Charlie,1966-02-15,2017-10-11,Los Angeles,Jane Smith
103,Charlie,1969-09-27,2016-01-30,Seattle,Sarah Wilson
103,Charlie,2003-06-04,2018-11-23,San Francisco,Sarah Wilson
103,Charlie,2002-08-17,2018-08-13,New York,Jane Smith
103,Charlie,1967-11-19,2020-04-20,Seattle,John Doe
103,Charlie,1965-05-29,2019-11-22,San Francisco,Emily Davis
103,Charlie,1997-08-07,2022-10-27,Seattle,Jane Smith
103,Charlie,1985-11-07,2018-08-31,San Francisco,Jane Smith
103,Charlie,1971-07-26,2015-06-08,Austin,Michael Brown
103,Charlie,1989-10-18,2016-06-12,Los Angeles,Emily Davis
103,Charlie,1978-01-12,2021-02-27,San Francisco,Jane Smith
103,Charlie,1989-02-01,2018-11-05,Austin,Michael Brown
103,Charlie,1986-01-02,2023-12-29,Chicago,Michael Brown
103,Charlie,1992-11-07,2017-06-30,Seattle,Sarah Wilson
103,Charlie,1991-05-06,2022-03-19,Chicago,John Doe
103,Charlie,1978-02-21,2020-05-14,Chicago,Jane Smith
103,Charlie,1971-04-30,2023-08-07,Austin,Sarah Wilson
103,Charlie,1967-11-09,2023-04-25,New York,Emily Davis
103,Charlie,1995-11-07,2020-06-25,Los Angeles,John Doe
103,Charlie,1997-10-11,2017-11-16,Chicago,John Doe
103,Charlie,1982-10-04,2023-02-06,Chicago,Jane Smith
103,Charlie,1974-04-28,2023-07-16,Chicago,Jane Smith
103,Charlie,1989-06-30,2021-03-24,Los Angeles,Emily Davis
103,Charlie,1986-08-07,2022-12-20,Los Angeles,Jane Smith
103,Charlie,1991-12-20,2024-03-30,New York,Sarah Wilson
103,Charlie,1971-08-13,2019-09-26,New York,Michael Brown
103,Charlie,1994-11-15,2017-12-05,Los Angeles,John Doe
103,Charlie,1974-07-06,2015-10-04,Seattle,Sarah Wilson
103,Charlie,1986-04-16,2018-05-16,Chicago,John Doe
103,Charlie,1983-01-21,2020-03-03,Chicago,Michael Brown
103,Charlie,1965-10-18,2022-06-15,Austin,Jane Smith
103,Charlie,1997-05-04,2020-02-11,Chicago,Jane Smith
103,Charlie,2002-09-06,2016-11-26,Austin,Sarah Wilson
103,Charlie,1969-04-18,2018-03-01,Austin,Emily Davis
103,Charlie,1985-02-25,2023-08-30,Seattle,Emily Davis
103,Charlie,2000-04-13,2017-03-21,New York,Jane Smith
103,Charlie,1991-05-07,2021-11-29,Seattle,Michael Brown
103,Charlie,1969-02-23,2017-02-06,Austin,Sarah Wilson
103,Charlie,1977-10-13,2023-07-20,Chicago,Sarah Wilson
103,Charlie,1971-06-28,2025-01-15,Chicago,Michael Brown
104,David,1995-04-12,2018-12-15,Austin,Emily Davis
104,David,1968-09-05,2023-04-03,Los Angeles,Emily Davis
104,David,1964-09-17,2017-05-09,Seattle,Michael Brown
104,David,1990-03-06,2017-08-16,Austin,Sarah Wilson
104,David,1981-11-27,2018-08-23,Chicago,Emily Davis
104,David,1992-04-01,2017-02-03,New York,Michael Brown
104,David,1966-02-16,2024-09-14,San Francisco,Emily Davis
104,David,1964-08-12,2020-07-30,San Francisco,Michael Brown
104,David,1979-11-22,2021-09-16,Austin,Sarah Wilson
104,David,1965-01-31,2024-01-13,Austin,Jane Smith
104,David,1980-08-26,2021-06-20,San Francisco,Sarah Wilson
104,David,2002-08-02,2018-11-27,New York,Emily Davis
104,David,1971-06-12,2023-08-25,Chicago,Michael Brown
104,David,1993-06-25,2019-05-07,Los Angeles,Michael Brown
104,David,1970-03-12,2015-06-16,San Francisco,Sarah Wilson
104,David,1966-04-07,2018-09-13,Seattle,Emily Davis
104,David,1972-06-10,2017-02-25,Austin,Sarah Wilson
104,David,1981-04-22,2018-09-23,Seattle,Sarah Wilson
104,David,1973-06-20,2015-09-17,Austin,Sarah Wilson
104,David,1979-07-22,2018-06-26,Chicago,John Doe
104,David,1982-09-28,2017-01-04,San Francisco,John Doe
104,David,1970-06-25,2016-07-26,Los Angeles,Michael Brown
104,David,2000-01-04,2024-06-29,San Francisco,Michael Brown
104,David,1977-10-21,2017-11-29,Chicago,Jane Smith
104,David,1984-02-12,2021-10-28,New York,John Doe
104,David,1991-12-23,2023-10-29,Los Angeles,Jane Smith
104,David,1977-01-22,2017-04-30,Seattle,Sarah Wilson
104,David,1967-10-26,2019-07-11,San Francisco,John Doe
104,David,1975-08-03,2024-12-31,Seattle,John Doe
104,David,1995-09-21,2016-02-13,Los Angeles,Michael Brown
104,David,1990-09-05,2018-01-17,San Francisco,Emily Davis
104,David,1995-01-16,2022-12-27,San Francisco,Michael Brown
104,David,1981-09-24,2022-01-21,Chicago,Jane Smith
104,David,1969-02-25,2020-11-05,Chicago,John Doe
104,David,1973-06-20,2017-06-29,Austin,Emily Davis
104,David,2000-08-13,2021-05-05,San Francisco,Sarah Wilson
104,David,1989-04-24,2015-07-06,San Francisco,Emily Davis
104,David,1972-04-26,2015-07-07,San Francisco,Jane Smith
104,David,2000-10-28,2017-05-19,Chicago,Michael Brown
104,David,2000-08-13,2018-04-30,New York,Jane Smith
104,David,1978-07-18,2015-10-16,Los Angeles,Jane Smith
104,David,1964-10-07,2023-10-01,Austin,Sarah Wilson
104,David,1967-07-02,2016-10-12,San Francisco,Jane Smith
104,David,1974-01-26,2022-02-17,San Francisco,John Doe
104,David,1999-08-16,2022-04-13,Chicago,Michael Brown
104,David,1999-07-08,2019-01-01,Seattle,John Doe
104,David,1977-10-02,2025-03-03,New York,John Doe
104,David,1983-02-17,2020-06-08,Austin,Emily Davis
104,David,1979-02-03,2017-09-14,San Francisco,John Doe
104,David,1980-11-07,2024-12-21,San Francisco,Michael Brown
104,David,1987-01-25,2018-08-30,San Francisco,Michael Brown
104,David,1968-02-15,2023-12-01,Los Angeles,Jane Smith
104,David,1970-02-13,2024-11-08,Seattle,Emily Davis
104,David,1966-03-10,2016-01-07,New York,John Doe
104,David,1991-03-22,2019-03-17,Los Angeles,Emily Davis
104,David,2002-06-17,2024-12-03,Austin,Jane Smith
104,David,1967-07-16,2022-07-21,San Francisco,Michael Brown
104,David,1970-01-19,2023-03-13,San Francisco,Sarah Wilson
104,David,1969-03-30,2023-04-06,Austin,Jane Smith
104,David,2002-02-23,2018-02-11,Chicago,Michael Brown
104,David,1979-01-02,2018-09-01,San Francisco,Michael Brown
104,David,1999-05-14,2017-07-29,New York,Sarah Wilson
104,David,1970-10-07,2019-10-06,Seattle,Emily Davis
104,David,1976-12-18,2016-10-03,San Francisco,Michael Brown
104,David,1996-05-10,2021-08-01,San Francisco,Michael Brown
104,David,1989-07-04,2017-01-25,New York,Michael Brown
104,David,1972-12-12,2015-08-31,Los Angeles,Michael Brown
104,David,1988-05-06,2018-05-31,Seattle,Michael Brown
104,David,2000-09-04,2023-06-09,New York,Jane Smith
104,David,1985-06-02,2016-09-24,Seattle,Emily Davis
104,David,1966-02-10,2023-02-27,Los Angeles,John Doe
104,David,1982-11-05,2018-05-04,San Francisco,John Doe
104,David,2001-06-14,2023-03-27,Austin,Emily Davis
104,David,1988-12-28,2020-04-10,Seattle,John Doe
104,David,1993-03-27,2020-05-16,Austin,Michael Brown
104,David,1987-10-11,2019-08-15,Seattle,Michael Brown
104,David,1999-10-01,2019-09-03,New York,Jane Smith
104,David,1965-06-17,2024-09-11,Chicago,Michael Brown
104,David,1966-01-25,2017-04-13,Chicago,Sarah Wilson
104,David,1994-12-30,2016-07-05,Los Angeles,Emily Davis
104,David,1987-06-13,2017-07-12,Chicago,Sarah Wilson
104,David,1969-06-16,2022-04-20,New York,Michael Brown
104,David,2001-10-08,2015-06-07,Los Angeles,Michael Brown
104,David,1976-07-05,2024-02-15,Los Angeles,John Doe
104,David,1988-07-30,2018-08-06,Los Angeles,John Doe
104,David,1999-02-17,2016-12-08,Chicago,Sarah Wilson
104,David,2002-06-07,2023-03-06,Austin,Emily Davis
104,David,1971-03-15,2016-10-29,New York,John Doe
104,David,1980-12-18,2020-07-28,Chicago,Sarah Wilson
104,David,1998-01-15,2017-09-26,San Francisco,John Doe
104,David,1965-10-05,2022-12-28,Chicago,Jane Smith
104,David,2001-12-31,2022-06-14,Los Angeles,Emily Davis
104,David,1994-08-29,2017-02-23,San Francisco,Emily Davis
104,David,2001-05-23,2016-01-04,New York,Jane Smith
104,David,1999-09-07,2015-08-19,Chicago,John Doe
104,David,1981-01-03,2023-10-04,San Francisco,John Doe
104,David,1994-12-08,2022-06-04,San Francisco,John Doe
104,David,1979-01-16,2017-06-27,Seattle,Michael Brown
104,David,1981-04-24,2021-01-19,San Francisco,Sarah Wilson
104,David,1969-09-13,2018-04-12,Austin,Michael Brown
104,David,1994-08-03,2024-09-18,Los Angeles,Michael Brown
104,David,1976-04-14,2023-08-15,Austin,Emily Davis
104,David,1994-11-01,2020-10-04,New York,Michael Brown
104,David,2002-03-09,2017-03-07,Seattle,Sarah Wilson
104,David,1996-10-16,2024-06-13,Chicago,Sarah Wilson
104,David,1977-04-23,2022-07-14,Los Angeles,Michael Brown
104,David,1965-01-31,2023-10-10,San Francisco,Sarah Wilson
104,David,1972-09-13,2020-12-15,Austin,Emily Davis
104,David,1970-12-16,2023-12-06,Austin,Sarah Wilson
104,David,1997-03-12,2023-04-18,San Francisco,Emily Davis
104,David,1975-05-24,2021-06-11,Austin,Michael Brown
104,David,1970-11-21,2016-09-27,Chicago,Sarah Wilson
104,David,2002-04-16,2023-12-01,Seattle,Michael Brown
104,David,1993-03-11,2016-12-17,Austin,Sarah Wilson
104,David,1964-09-03,2025-06-01,New York,John Doe
104,David,1987-08-08,2016-12-15,San Francisco,Emily Davis
104,David,1997-06-12,2017-04-12,Los Angeles,Michael Brown
104,David,1977-01-29,2016-09-21,Chicago,Michael Brown
104,David,1987-11-12,2018-05-30,Austin,Emily Davis
104,David,1968-04-26,2024-04-15,Chicago,Michael Brown
104,David,1965-02-08,2022-05-10,Los Angeles,Michael Brown
104,David,1965-11-06,2015-10-24,Chicago,Sarah Wilson
104,David,1981-04-12,2024-02-03,San Francisco,Sarah Wilson
104,David,1995-12-14,2017-05-22,Austin,Sarah Wilson
104,David,1999-07-07,2017-02-21,New York,Sarah Wilson
104,David,1978-09-28,2019-03-19,Los Angeles,Michael Brown
104,David,1979-01-04,2022-10-16,Seattle,Sarah Wilson
104,David,1981-10-21,2018-10-01,Los Angeles,John Doe
104,David,2002-02-06,2019-12-03,Austin,John Doe
104,David,1995-09-30,2016-11-20,Los Angeles,Sarah Wilson
104,David,1992-01-01,2024-06-18,Chicago,Michael Brown
104,David,1967-06-27,2019-07-21,San Francisco,Sarah Wilson
104,David,1980-01-30,2017-08-26,Los Angeles,Emily Davis
104,David,1967-08-15,2024-05-24,Seattle,Michael Brown
104,David,1989-01-02,2023-06-14,New York,Sarah Wilson
104,David,1999-08-18,2016-11-02,Chicago,Michael Brown
104,David,1993-04-24,2022-07-16,Chicago,Sarah Wilson
104,David,1966-02-15,2017-04-21,Los Angeles,John Doe
104,David,2001-01-13,2020-05-15,Seattle,Jane Smith
104,David,2000-10-14,2023-10-25,New York,Sarah Wilson
104,David,1985-06-27,2025-03-02,Los Angeles,Emily Davis
104,David,1991-09-19,2017-03-29,New York,Sarah Wilson
104,David,1972-07-08,2022-01-26,Los Angeles,Emily Davis
104,David,1994-09-28,2017-08-06,San Francisco,Sarah Wilson
104,David,1976-01-20,2021-06-01,New York,John Doe
104,David,1970-05-08,2017-08-14,Los Angeles,Michael Brown
104,David,1993-11-03,2020-11-15,Austin,Sarah Wilson
104,David,2001-08-27,2024-09-27,Seattle,Sarah Wilson
104,David,1985-01-02,2015-09-27,San Francisco,Emily Davis
104,David,1990-01-25,2017-08-25,Seattle,Jane Smith
104,David,1999-06-02,2019-01-02,Seattle,Sarah Wilson
104,David,1989-10-05,2019-07-04,Chicago,Jane Smith
104,David,1971-12-25,2016-01-12,New York,Michael Brown
104,David,1996-12-06,2024-05-24,Los Angeles,John Doe
104,David,1983-05-25,2023-11-26,Los Angeles,Michael Brown
104,David,1993-04-13,2021-05-23,Austin,Jane Smith
104,David,1972-11-17,2019-10-29,Austin,Emily Davis
104,David,1978-01-22,2019-10-31,Los Angeles,Michael Brown
104,David,1975-10-26,2021-12-02,Austin,Sarah Wilson
104,David,1996-04-09,2019-03-19,New York,Sarah Wilson
104,David,1988-06-24,2016-07-17,Austin,Michael Brown
104,David,1991-04-03,2018-08-20,New York,Emily Davis
104,David,1987-03-03,2022-08-07,New York,Michael Brown
104,David,2002-07-08,2020-07-30,New York,Jane Smith
104,David,1984-01-20,2016-12-30,Seattle,John Doe
104,David,2002-10-23,2024-04-18,San Francisco,Emily Davis
104,David,1971-06-05,2021-11-26,Seattle,John Doe
104,David,1980-05-07,2023-08-05,Chicago,Jane Smith
104,David,1988-08-19,2025-03-10,Austin,Emily Davis
104,David,1981-07-30,2016-08-18,San Francisco,Michael Brown
104,David,1995-02-20,2023-08-24,Chicago,Emily Davis
104,David,1969-01-23,2024-03-02,San Francisco,John Doe
104,David,1995-04-10,2017-11-14,Seattle,Sarah Wilson
104,David,1991-06-15,2022-05-31,Los Angeles,Emily Davis
104,David,1981-12-04,2019-10-01,Seattle,Michael Brown
104,David,1970-01-02,2021-07-13,Austin,Michael Brown
104,David,1985-11-25,2017-12-25,Los Angeles,Sarah Wilson
104,David,1988-03-10,2024-08-27,Chicago,Emily Davis
104,David,1987-12-18,2015-10-11,Chicago,John Doe
104,David,1996-10-17,2017-04-09,Los Angeles,Jane Smith
104,David,1988-06-01,2022-07-07,Seattle,John Doe
104,David,1964-08-07,2016-07-31,Chicago,John Doe
104,David,1985-02-05,2021-06-20,Los Angeles,Sarah Wilson
104,David,1973-12-09,2017-03-02,San Francisco,Emily Davis
104,David,1970-01-10,2024-05-03,Chicago,John Doe
104,David,1964-09-16,2025-03-16,Seattle,Sarah Wilson
104,David,1968-12-26,2021-07-06,Los Angeles,John Doe
104,David,1992-01-08,2022-08-11,Austin,John Doe
104,David,1981-07-10,2017-10-29,Chicago,Sarah Wilson
104,David,1989-09-15,2019-11-10,San Francisco,Jane Smith
104,David,1976-01-23,2017-07-18,San Francisco,Emily Davis
104,David,1988-04-26,2024-07-15,Austin,Sarah Wilson
104,David,1972-08-29,2020-10-26,San Francisco,Jane Smith
104,David,1998-07-31,2021-10-01,New York,Emily Davis
104,David,1996-02-21,2022-08-18,Los Angeles,Michael Brown
104,David,1984-04-03,2022-09-23,Austin,Emily Davis
104,David,1999-05-07,2017-09-27,Austin,Sarah Wilson
104,David,1983-10-11,2017-11-28,Chicago,John Doe
104,David,1966-02-22,2022-04-09,Chicago,Michael Brown
104,David,1997-07-30,2024-12-11,Los Angeles,Sarah Wilson
105,Eve,2000-09-15,2021-02-14,New York,Michael Brown
105,Eve,1975-09-02,2021-03-02,Seattle,Jane Smith
105,Eve,1974-07-31,2015-11-14,Chicago,Sarah Wilson
105,Eve,2002-01-29,2018-07-31,Seattle,Emily Davis
105,Eve,1966-03-29,2021-10-26,Seattle,Jane Smith
105,Eve,1988-02-02,2018-08-14,Chicago,John Doe
105,Eve,1999-06-30,2020-02-14,Austin,John Doe
105,Eve,1998-12-01,2017-01-30,Chicago,Michael Brown
105,Eve,1969-10-24,2020-02-16,Los Angeles,Michael Brown
105,Eve,1968-07-05,2017-06-05,Austin,John Doe
105,Eve,1978-04-29,2022-11-30,Austin,Sarah Wilson
105,Eve,1991-11-26,2022-03-07,San Francisco,John Doe
105,Eve,1997-02-22,2016-12-06,Austin,Emily Davis
105,Eve,1987-05-20,2017-05-13,Chicago,John Doe
105,Eve,1965-12-11,2016-12-07,Austin,Sarah Wilson
105,Eve,1974-08-26,2017-12-22,Austin,Michael Brown
105,Eve,1975-10-01,2021-08-17,Los Angeles,Jane Smith
105,Eve,1969-06-23,2016-04-14,San Francisco,Emily Davis
105,Eve,1975-06-06,2022-07-24,Los Angeles,Michael Brown
105,Eve,1964-08-22,2016-12-06,San Francisco,Sarah Wilson
105,Eve,1968-08-24,2020-10-14,Los Angeles,John Doe
105,Eve,1979-09-12,2017-08-23,Austin,Sarah Wilson
105,Eve,1978-08-05,2017-08-31,San Francisco,John Doe
105,Eve,1976-07-19,2025-01-23,Los Angeles,Sarah Wilson
105,Eve,1989-09-26,2018-12-27,Chicago,Michael Brown
105,Eve,1996-05-04,2016-11-12,Los Angeles,Jane Smith
105,Eve,1976-06-06,2023-10-19,New York,Sarah Wilson
105,Eve,1976-06-28,2023-07-18,Chicago,Jane Smith
105,Eve,1968-04-12,2023-05-25,San Francisco,Michael Brown
105,Eve,1983-11-24,2015-12-26,Los Angeles,Emily Davis
105,Eve,1986-07-14,2018-04-16,Los Angeles,Michael Brown
105,Eve,1978-07-18,2017-10-18,Austin,Emily Davis
105,Eve,1977-09-02,2022-01-03,Seattle,Sarah Wilson
105,Eve,1999-10-03,2022-06-22,Los Angeles,Sarah Wilson
105,Eve,1991-12-02,2022-03-15,Seattle,Jane Smith
105,Eve,1996-03-13,2024-08-25,Chicago,Emily Davis
105,Eve,2003-01-25,2023-01-06,Los Angeles,Michael Brown
105,Eve,1997-09-06,2021-07-19,New York,John Doe
105,Eve,1968-05-31,2023-08-08,Los Angeles,Sarah Wilson
105,Eve,1991-07-20,2024-10-25,Austin,Michael Brown
105,Eve,1987-09-15,2020-06-05,New York,Emily Davis
105,Eve,1965-06-20,2018-02-12,Los Angeles,Jane Smith
105,Eve,1988-09-16,2024-07-25,San Francisco,Jane Smith
105,Eve,1967-11-03,2023-05-19,Austin,Jane Smith
105,Eve,1987-02-23,2017-11-11,Seattle,John Doe
105,Eve,1973-05-04,2016-08-26,Chicago,Jane Smith
105,Eve,1982-10-27,2021-11-03,New York,Jane Smith
105,Eve,1979-10-01,2023-12-11,Los Angeles,Michael Brown
105,Eve,1995-05-15,2024-04-11,New York,John Doe
105,Eve,1976-12-20,2020-07-06,Austin,Jane Smith
105,Eve,1990-10-29,2019-05-05,San Francisco,Michael Brown
105,Eve,1987-06-08,2022-04-26,Austin,John Doe
105,Eve,1967-12-05,2020-04-12,New York,Jane Smith
105,Eve,1965-05-19,2019-12-06,New York,Emily Davis
105,Eve,1992-08-17,2017-12-30,New York,Jane Smith
105,Eve,1978-06-19,2018-04-04,Austin,John Doe
105,Eve,1997-08-11,2016-03-30,Chicago,Sarah Wilson
105,Eve,2002-05-20,2017-10-06,Seattle,Sarah Wilson
105,Eve,1968-10-03,2023-02-07,Chicago,John Doe
105,Eve,1969-07-13,2021-08-10,New York,Michael Brown
105,Eve,1985-04-23,2024-02-07,New York,Sarah Wilson
105,Eve,1974-05-06,2022-05-26,Seattle,Emily Davis
105,Eve,1966-02-08,2023-03-01,New York,Michael Brown
105,Eve,1986-01-08,2016-01-23,Los Angeles,Michael Brown
105,Eve,1999-10-31,2018-12-26,Seattle,Michael Brown
105,Eve,1982-01-10,2022-04-08,Chicago,Michael Brown
105,Eve,1998-07-05,2022-11-03,Chicago,Jane Smith
105,Eve,1990-02-03,2017-12-22,Seattle,Sarah Wilson
105,Eve,1968-01-16,2016-04-11,New York,Emily Davis
105,Eve,1992-01-26,2020-10-30,Chicago,Michael Brown
105,Eve,1977-05-03,2023-07-13,Chicago,Emily Davis
105,Eve,1977-04-19,2021-12-24,Chicago,Emily Davis
105,Eve,1968-05-23,2016-03-09,New York,John Doe
105,Eve,1975-04-04,2024-11-25,Seattle,Michael Brown
105,Eve,1991-10-26,2020-01-26,Seattle,Emily Davis
105,Eve,1978-03-19,2018-09-05,San Francisco,Michael Brown
105,Eve,1994-02-20,2018-07-18,Chicago,John Doe
105,Eve,1996-06-05,2016-04-16,San Francisco,Jane Smith
105,Eve,1970-01-24,2022-12-18,Seattle,Michael Brown
105,Eve,1997-04-11,2018-10-12,Chicago,Michael Brown
105,Eve,1976-04-10,2019-12-28,San Francisco,Sarah Wilson
105,Eve,1973-12-09,2016-02-06,New York,Emily Davis
105,Eve,1986-06-17,2021-03-09,Austin,Sarah Wilson
105,Eve,1984-09-12,2025-04-23,New York,John Doe
105,Eve,1977-08-06,2020-12-19,San Francisco,Jane Smith
105,Eve,1965-10-17,2020-09-11,Austin,Jane Smith
105,Eve,1970-07-12,2019-06-27,Austin,Sarah Wilson
105,Eve,1974-03-12,2020-09-10,Chicago,Michael Brown
105,Eve,1971-08-11,2020-06-09,Austin,Sarah Wilson
105,Eve,1978-05-22,2024-12-20,Seattle,Sarah Wilson
105,Eve,1973-02-28,2021-11-10,Los Angeles,Michael Brown
105,Eve,1989-02-21,2021-10-13,Austin,Jane Smith
105,Eve,1971-11-12,2020-07-30,Los Angeles,Sarah Wilson
105,Eve,1979-05-08,2015-11-30,Chicago,Jane Smith
105,Eve,1965-01-15,2018-09-29,San Francisco,Michael Brown
105,Eve,1976-02-10,2020-10-09,Seattle,Emily Davis
105,Eve,1977-06-06,2024-09-23,Austin,Sarah Wilson
105,Eve,1986-09-15,2017-06-05,Los Angeles,Sarah Wilson
105,Eve,1980-08-14,2020-12-15,Chicago,Emily Davis
105,Eve,1980-09-01,2019-12-02,Seattle,Jane Smith
105,Eve,1968-02-16,2022-05-12,Los Angeles,John Doe
105,Eve,1993-08-31,2023-08-20,New York,Emily Davis
105,Eve,1991-07-27,2023-09-19,New York,John Doe
105,Eve,1998-01-09,2021-02-08,Los Angeles,John Doe
105,Eve,1987-09-28,2024-09-24,Austin,Emily Davis
105,Eve,1993-02-14,2018-05-13,Seattle,John Doe
105,Eve,1965-08-09,2022-04-25,San Francisco,John Doe
105,Eve,1985-03-08,2025-03-02,New York,John Doe
105,Eve,2001-12-30,2019-03-27,San Francisco,Jane Smith
105,Eve,1979-08-20,2018-01-15,Seattle,John Doe
105,Eve,2003-06-04,2023-07-28,Seattle,Michael Brown
105,Eve,1984-10-09,2025-01-14,Seattle,Jane Smith
105,Eve,1998-02-06,2016-02-11,Austin,Sarah Wilson
105,Eve,1980-06-02,2020-10-12,San Francisco,Michael Brown
105,Eve,2003-05-21,2017-12-29,New York,Emily Davis
105,Eve,1989-08-11,2023-12-17,San Francisco,Michael Brown
105,Eve,1972-06-17,2016-06-16,San Francisco,John Doe
105,Eve,1967-05-09,2019-12-04,New York,John Doe
105,Eve,1976-07-08,2022-09-04,New York,Michael Brown
105,Eve,1989-08-10,2016-06-14,New York,Jane Smith
105,Eve,1975-06-10,2024-01-15,Chicago,Michael Brown
105,Eve,1983-10-05,2023-09-16,San Francisco,Michael Brown
105,Eve,1966-04-24,2022-01-16,New York,Sarah Wilson
105,Eve,1977-01-28,2020-09-29,San Francisco,Sarah Wilson
105,Eve,1989-04-26,2022-05-05,Seattle,Michael Brown
105,Eve,1985-05-30,2023-12-29,Los Angeles,Jane Smith
105,Eve,1986-03-04,2018-03-05,Los Angeles,Jane Smith
105,Eve,1996-11-09,2019-04-15,Austin,Emily Davis
105,Eve,1969-07-13,2024-07-22,Chicago,Sarah Wilson
105,Eve,1994-05-20,2023-09-12,Chicago,Emily Davis
105,Eve,1997-11-16,2022-08-13,Chicago,Emily Davis
105,Eve,1991-02-10,2023-06-27,San Francisco,Sarah Wilson
105,Eve,1978-11-14,2015-12-15,Seattle,Sarah Wilson
105,Eve,1990-10-20,2022-06-15,Seattle,Emily Davis
105,Eve,1971-02-23,2025-05-02,San Francisco,Emily Davis
105,Eve,1978-03-24,2025-05-02,Seattle,Jane Smith
105,Eve,1974-11-18,2025-05-27,New York,John Doe
105,Eve,1975-09-17,2019-03-15,Chicago,Jane Smith
105,Eve,1982-09-17,2018-12-27,Los Angeles,Sarah Wilson
105,Eve,1998-08-31,2021-04-29,New York,Jane Smith
105,Eve,2003-05-16,2022-08-11,San Francisco,Sarah Wilson
105,Eve,1996-09-06,2022-02-26,San Francisco,Michael Brown
105,Eve,1997-04-28,2022-06-07,San Francisco,Jane Smith
105,Eve,1969-03-20,2022-05-22,Austin,Michael Brown
105,Eve,1975-10-01,2022-01-09,San Francisco,John Doe
105,Eve,1970-03-30,2019-03-28,Austin,Emily Davis
105,Eve,2001-02-20,2025-01-03,Chicago,Sarah Wilson
105,Eve,1965-03-26,2021-06-17,Chicago,Emily Davis
105,Eve,1974-06-20,2021-08-15,New York,Michael Brown
105,Eve,1998-01-18,2024-01-14,Austin,Emily Davis
105,Eve,1982-08-11,2021-05-01,New York,Michael Brown
105,Eve,1981-10-03,2020-01-15,New York,Sarah Wilson
105,Eve,1983-04-13,2019-07-21,Chicago,Emily Davis
105,Eve,1972-05-11,2022-11-09,Chicago,John Doe
105,Eve,2002-03-18,2021-02-27,Austin,Emily Davis
105,Eve,2001-05-14,2021-08-08,Seattle,Sarah Wilson
105,Eve,1998-09-29,2024-09-01,Los Angeles,Michael Brown
105,Eve,1967-02-27,2021-02-05,New York,Emily Davis
105,Eve,1965-01-13,2019-06-08,New York,Jane Smith
105,Eve,1984-02-23,2017-08-22,New York,John Doe
105,Eve,1995-05-10,2023-05-13,Seattle,Michael Brown
105,Eve,1985-09-08,2015-11-25,Austin,John Doe
105,Eve,1987-02-09,2020-03-06,Chicago,John Doe
105,Eve,1998-11-26,2018-01-28,San Francisco,Emily Davis
105,Eve,1968-04-22,2022-02-13,San Francisco,Michael Brown
105,Eve,1989-06-26,2018-11-08,San Francisco,Emily Davis
105,Eve,1987-10-04,2025-02-28,San Francisco,Emily Davis
105,Eve,1964-09-29,2020-08-14,Los Angeles,Emily Davis
105,Eve,2000-01-27,2019-10-26,San Francisco,Sarah Wilson
105,Eve,1976-10-28,2023-07-12,New York,John Doe
105,Eve,1969-09-13,2024-02-07,New York,Jane Smith
105,Eve,1965-11-03,2018-11-01,San Francisco,Michael Brown
105,Eve,1976-07-18,2015-07-12,Chicago,John Doe
105,Eve,1972-01-04,2019-01-18,San Francisco,Michael Brown
105,Eve,1966-06-13,2022-03-10,San Francisco,Michael Brown
105,Eve,1994-05-10,2019-11-04,Austin,John Doe
105,Eve,1966-08-02,2024-03-02,Chicago,John Doe
105,Eve,1974-04-05,2021-09-05,San Francisco,John Doe
105,Eve,1980-02-15,2021-11-16,New York,Michael Brown
105,Eve,1984-10-29,2024-07-06,Austin,Sarah Wilson
105,Eve,1988-06-28,2018-07-08,New York,Emily Davis
105,Eve,1995-01-16,2020-05-05,San Francisco,Emily Davis
105,Eve,1975-06-25,2021-11-07,Los Angeles,Sarah Wilson
105,Eve,1989-07-16,2023-07-01,Austin,John Doe
105,Eve,1968-12-08,2021-02-02,Austin,Sarah Wilson
105,Eve,1974-06-12,2015-07-08,San Francisco,Michael Brown
105,Eve,1977-10-29,2024-12-16,Los Angeles,John Doe
105,Eve,1998-04-30,2022-10-09,Austin,Michael Brown
105,Eve,1971-01-04,2018-06-20,Seattle,Michael Brown
105,Eve,1981-04-15,2020-10-27,New York,John Doe
105,Eve,1975-11-12,2022-05-20,New York,Sarah Wilson
105,Eve,1997-08-27,2024-05-30,Seattle,John Doe
105,Eve,1984-09-28,2016-04-27,San Francisco,Emily Davis
105,Eve,1996-03-05,2015-09-13,Seattle,Sarah Wilson
105,Eve,1970-12-21,2016-06-03,Seattle,Sarah Wilson
105,Eve,2002-03-16,2021-08-31,New York,Sarah Wilson
105,Eve,1989-03-14,2018-05-31,Chicago,Michael Brown
105,Eve,1987-07-10,2019-02-19,New York,Sarah Wilson
105,Eve,2000-08-07,2020-07-09,Los Angeles,Michael Brown
105,Eve,1966-09-05,2015-07-27,New York,Michael Brown
