Reporting Manager,Laptop Number,Date of Birth,Employee Name,Location,Designation,Laptop Brand,Date of Joining,Project Involved,Employee ID
Michael Brown,699352.0,1977-04-01,Joseph Johnson,New York,Software Engineer,,,,
,926773.0,1980-07-27,Melanie Jones,San Francisco,UI/UX Designer,Apple,,,
,,1965-01-29,Andrew Jones,Austin,,,2021-08-01,Project Alpha,5119.0
Emily Davis,508286.0,1994-03-20,,Seattle,,,2016-02-26,,2937.0
,692333.0,1974-03-14,,Chicago,UI/UX Designer,Apple,,,6007.0
,750427.0,,Jade Jackson,,DevOps Engineer,Lenovo,2018-12-13,,9436.0
,305944.0,,Devin Smith,Seattle,Product Manager,Dell,,,9356.0
Michael Brown,,,,Austin,DevOps Engineer,,2024-10-25,Project Beta,5077.0
Michael Brown,,1964-08-07,Tammy Williams,,Software Engineer,HP,,,9174.0
John Doe,966289.0,,,Chicago,,Apple,2018-05-13,,5300.0
,527831.0,2002-03-20,,San Francisco,DevOps Engineer,Asus,,Project Gamma,
,429249.0,1977-05-25,,New York,,HP,2015-10-04,,6154.0
,296526.0,1979-05-08,,Seattle,,,2020-03-31,Project Gamma,5985.0
Michael Brown,492268.0,1981-06-05,,Los Angeles,,,2018-07-25,,5250.0
,118900.0,,,Chicago,Data Scientist,HP,2017-06-17,Project Delta,
Michael Brown,,1972-11-11,Kevin Reyes,Los Angeles,,,2019-02-20,,9401.0
Sarah Wilson,318341.0,,,Austin,DevOps Engineer,,,Project Delta,3611.0
,610812.0,,Amy Roy,Austin,,Apple,2018-12-29,Project Omega,
John Doe,,,,Seattle,Data Scientist,Asus,,Project Alpha,7772.0
,187880.0,1977-11-04,Cody Watkins,Los Angeles,,Asus,,Project Alpha,
,733228.0,,Brittney Cantu,,UI/UX Designer,HP,2017-03-09,Project Omega,
Emily Davis,164001.0,,Julie Bell,Los Angeles,DevOps Engineer,,,Project Delta,
Sarah Wilson,847017.0,,Leonard Chang,,Product Manager,,2018-04-09,,5203.0
,,1995-09-30,Sharon Mason,,Software Engineer,,2019-02-07,Project Delta,7172.0
Michael Brown,,,Charlene Everett,Seattle,,HP,2020-07-26,Project Delta,
,286071.0,1998-10-24,Chelsea Cordova,,UI/UX Designer,,,Project Delta,2722.0
Jane Smith,,,Terry Steele,Seattle,,,2016-12-28,Project Delta,7171.0
,550622.0,1981-01-20,Brooke Sanchez,,Product Manager,Apple,,Project Delta,
,118493.0,1987-12-15,Nathaniel Lewis,Los Angeles,Product Manager,Lenovo,,,
,256537.0,1989-07-06,Kevin Dorsey,Los Angeles,,HP,2022-05-19,,
John Doe,359901.0,1969-09-17,,,Data Scientist,,,Project Gamma,9135.0
Sarah Wilson,,1990-12-09,Mark Payne,Austin,Software Engineer,Dell,,,
Michael Brown,769711.0,,,New York,Product Manager,Asus,,,9144.0
Jane Smith,708247.0,1986-09-25,,New York,,,,Project Alpha,9668.0
,450302.0,1999-01-27,,,,HP,2023-04-06,Project Delta,9016.0
Jane Smith,,,Christine Williams,Seattle,,Lenovo,2016-09-07,,4670.0
Michael Brown,190730.0,,,,DevOps Engineer,,2023-09-23,Project Omega,3075.0
Jane Smith,304502.0,,,San Francisco,Software Engineer,Apple,2024-08-09,,
,,1982-09-16,,Seattle,Data Scientist,HP,,Project Alpha,4897.0
Jane Smith,265990.0,,Paula Oliver,,,Apple,2022-12-09,,2212.0
,419607.0,,Julie Castro,,,Lenovo,2025-05-14,Project Gamma,8853.0
Sarah Wilson,,1968-05-23,Kristina Briggs,Seattle,Product Manager,,,,5535.0
,871509.0,1981-08-16,,New York,,,2019-12-19,Project Delta,1854.0
Sarah Wilson,,1967-04-05,Rhonda Garcia,Austin,Data Scientist,,,,3421.0
,555061.0,1964-12-19,,Chicago,UI/UX Designer,,,Project Alpha,6680.0
Jane Smith,874201.0,1997-10-04,,Los Angeles,,,2019-04-18,,6572.0
,838526.0,1969-08-09,,,UI/UX Designer,Asus,2020-06-28,Project Alpha,
Sarah Wilson,902501.0,,,Austin,Product Manager,,2022-12-08,Project Beta,
,140542.0,1964-10-01,Amanda Castro,,Product Manager,Apple,,Project Omega,
Michael Brown,666075.0,,,Austin,Data Scientist,,2017-09-04,,9093.0
,509956.0,2003-05-11,,Chicago,,,2020-05-04,Project Omega,1383.0
John Doe,428935.0,1984-11-06,,,Product Manager,HP,,Project Omega,
,,1991-04-12,,New York,Software Engineer,Lenovo,2017-10-14,Project Gamma,
Jane Smith,,1979-10-11,Alyssa Harvey,,Software Engineer,Dell,2015-11-16,,
Michael Brown,676335.0,,,Austin,Software Engineer,,2015-07-06,,1408.0
,944706.0,1979-08-02,,San Francisco,DevOps Engineer,,,Project Alpha,6306.0
Emily Davis,,1969-10-17,,New York,Data Scientist,HP,2015-06-27,,
Michael Brown,732942.0,1999-05-18,Patrick Wilson,,,Asus,2023-02-15,,
,748260.0,1989-11-01,,,Data Scientist,HP,2018-05-01,Project Delta,
Emily Davis,,1999-10-13,,,UI/UX Designer,,2021-02-15,Project Beta,5837.0
Jane Smith,,,Mary Martinez,Los Angeles,,Lenovo,2020-05-26,,7100.0
Jane Smith,595024.0,1991-04-01,Erik Salazar,,,Lenovo,,Project Delta,
Michael Brown,843386.0,,Rose Smith,Seattle,Software Engineer,,,,6085.0
,806926.0,1982-03-10,Ryan Phillips,Seattle,Product Manager,,,Project Gamma,
Emily Davis,892640.0,,David Harris,San Francisco,,Lenovo,,,1706.0
Emily Davis,577964.0,,Cindy Bright MD,,,Asus,2017-02-13,Project Omega,
John Doe,,,,Austin,UI/UX Designer,Asus,2024-10-17,Project Alpha,
,,1987-02-15,Teresa Sherman,,Data Scientist,Dell,,Project Omega,6335.0
,270146.0,1993-10-19,Candace Castillo,San Francisco,DevOps Engineer,,,Project Alpha,
Michael Brown,466224.0,2002-02-26,,,UI/UX Designer,,2022-07-26,Project Delta,
,768860.0,1965-06-25,Lucas Brown,Chicago,Data Scientist,,2023-02-20,,
Sarah Wilson,,,Linda Valdez,,,Apple,2019-02-17,Project Gamma,8899.0
Jane Smith,,,William Stone,,Software Engineer,Lenovo,,Project Gamma,6834.0
Sarah Wilson,252973.0,1972-01-04,,,,Dell,2020-09-13,,8006.0
Michael Brown,641661.0,,Katrina Cantrell,,,Lenovo,2017-09-30,Project Gamma,
John Doe,917342.0,,,New York,,Apple,2020-12-03,Project Omega,
,963774.0,1976-02-05,Sabrina Salinas,,UI/UX Designer,,,Project Delta,5451.0
John Doe,669217.0,1977-09-15,Timothy Kim,,,,2023-05-16,Project Beta,
,728431.0,,Jonathan Beck,Seattle,UI/UX Designer,,,Project Delta,6016.0
,279090.0,,Mike Thompson,,DevOps Engineer,Lenovo,2019-05-06,,9761.0
,629495.0,,Sarah Leonard,,UI/UX Designer,HP,,Project Beta,3831.0
,623206.0,,,Seattle,Product Manager,Lenovo,2018-07-03,,1064.0
Sarah Wilson,,,Brandy Williams,,UI/UX Designer,Asus,2024-05-05,,5855.0
,,1985-07-10,Felicia Smith,Los Angeles,,Dell,,Project Beta,3900.0
Sarah Wilson,713029.0,,,San Francisco,Product Manager,,2019-06-24,Project Alpha,
Michael Brown,291723.0,1981-09-16,,Seattle,,,2019-10-29,,3661.0
,,1984-04-21,Michael Bates,Austin,Product Manager,,,Project Delta,8847.0
,113108.0,1988-09-02,,Chicago,,Lenovo,2018-12-23,Project Beta,
Michael Brown,,,Mrs. Kathryn Davis,,Product Manager,Apple,2022-08-29,,8824.0
Sarah Wilson,885437.0,,Tammy Short,,,Asus,2022-09-02,Project Beta,
Jane Smith,787839.0,1995-07-18,Michelle Phillips,,,Apple,2025-03-25,,
John Doe,558717.0,,,San Francisco,Data Scientist,,2018-11-20,Project Gamma,
,237434.0,1983-12-11,Jimmy Wood,Austin,,,2023-01-18,,3288.0
Sarah Wilson,914436.0,1971-11-18,Pamela Anderson,Seattle,,,,Project Omega,
Michael Brown,100666.0,,Jacqueline Guerra,San Francisco,UI/UX Designer,,2019-04-26,,
,680716.0,,Barbara Harris,Seattle,Data Scientist,,2017-07-09,Project Gamma,
Michael Brown,,1979-09-20,,,,Apple,2022-12-28,Project Alpha,3477.0
Emily Davis,,,David Howard,,,Lenovo,2017-03-04,Project Beta,4328.0
,338865.0,,,New York,,Asus,2017-08-17,Project Alpha,4706.0
,,1968-06-30,Ian Peterson,,DevOps Engineer,HP,2015-06-24,Project Beta,
John Doe,799888.0,,Michael Brown,Seattle,DevOps Engineer,,2016-01-24,,
Sarah Wilson,,1988-04-04,,Seattle,Data Scientist,Dell,2016-09-07,,
Sarah Wilson,984939.0,,,,Software Engineer,Dell,2020-05-13,,3956.0
Michael Brown,,,Alyssa Morton,,,Apple,2024-07-31,Project Delta,9793.0
John Doe,,1965-12-26,,Chicago,Software Engineer,,,Project Alpha,3411.0
Sarah Wilson,,1983-03-20,Joseph Barker,,,Dell,2020-04-10,Project Omega,
John Doe,749802.0,1992-08-03,,,Product Manager,,2019-10-14,Project Gamma,
John Doe,,,,New York,UI/UX Designer,Lenovo,,Project Gamma,4951.0
Emily Davis,489371.0,,,Los Angeles,UI/UX Designer,,2024-01-13,,2499.0
Michael Brown,248644.0,1990-11-12,Jill Edwards,,Software Engineer,HP,,,
Sarah Wilson,,1966-02-08,John Miles,,,,2017-05-11,Project Beta,1307.0
Sarah Wilson,276470.0,,Barbara Walsh,,DevOps Engineer,,2021-03-12,,6970.0
Sarah Wilson,702701.0,,Bruce Higgins,,,Lenovo,2021-11-26,,1125.0
,,1982-02-08,Kristin Snyder,New York,,Asus,2016-09-21,,5118.0
Sarah Wilson,,,Joseph Nelson,,Data Scientist,,2025-03-11,Project Beta,9786.0
,981583.0,1976-07-29,,,Data Scientist,Lenovo,2017-07-28,Project Alpha,
,803946.0,1981-06-16,,,UI/UX Designer,Apple,,Project Delta,8595.0
,111319.0,,Leah Burns,,UI/UX Designer,,2016-09-03,Project Gamma,7742.0
Jane Smith,550214.0,,Ryan Henry,,UI/UX Designer,,,Project Delta,3362.0
,,,Michele Parker,Seattle,Product Manager,Asus,2018-10-11,Project Beta,
,137964.0,1989-08-30,,,DevOps Engineer,,2024-09-07,Project Delta,9745.0
,233889.0,,Victoria Cline,Seattle,Product Manager,Asus,2018-05-01,,
Sarah Wilson,,,Tara Short,,,Asus,2018-06-30,Project Omega,8423.0
,,1983-04-09,,Seattle,DevOps Engineer,Dell,,Project Beta,1503.0
John Doe,418174.0,,,Austin,,Asus,2018-02-01,,3200.0
,938397.0,1964-08-28,Brian Brown,,,,2016-01-25,Project Alpha,8099.0
,,1993-02-14,Angela Arnold,,UI/UX Designer,Apple,2023-07-06,,5518.0
,687445.0,1980-09-07,Marie Mayer,,,HP,,Project Gamma,8142.0
,683108.0,,,Chicago,,Lenovo,2015-06-29,Project Delta,5854.0
Michael Brown,414784.0,,,,UI/UX Designer,HP,,Project Omega,3223.0
Jane Smith,375549.0,1997-12-25,Hannah Garcia,,Product Manager,,,,6523.0
John Doe,557626.0,1981-08-22,,,,,2016-08-14,Project Beta,9817.0
,,,Mr. Robert Mcfarland,Los Angeles,DevOps Engineer,Apple,2022-04-26,Project Omega,
Michael Brown,447231.0,1973-12-15,Brent Moore,,,,2016-05-17,,4341.0
John Doe,476399.0,,Ashley King,Seattle,UI/UX Designer,,,Project Beta,
,,2002-03-18,Michele Patterson,,,Asus,2025-03-07,Project Beta,6696.0
John Doe,781252.0,1975-04-01,,New York,Product Manager,,,,7375.0
John Doe,283251.0,,Russell Arnold,New York,,,2018-10-22,,8546.0
,,1986-11-28,David Mitchell MD,Seattle,Data Scientist,,2022-05-23,,3738.0
,,,Christina Dawson,New York,DevOps Engineer,Asus,2018-04-07,Project Omega,
Michael Brown,608864.0,1968-06-01,Eric Smith,Seattle,,,,,2480.0
,689596.0,1997-03-22,Thomas Keith,,,Lenovo,2023-03-15,Project Gamma,
,545453.0,1993-09-15,,Chicago,Data Scientist,,2023-12-31,Project Gamma,
Michael Brown,185921.0,,,,,Asus,2016-02-27,Project Gamma,2978.0
,603233.0,,Stacey Perkins,Los Angeles,Data Scientist,,2019-08-23,,9561.0
John Doe,479085.0,,,,Data Scientist,Asus,,Project Beta,3613.0
Sarah Wilson,,1968-09-15,,Austin,Software Engineer,Asus,,Project Omega,
Michael Brown,874800.0,,,Austin,Product Manager,,,Project Beta,2375.0
John Doe,,,Brian Meyer,,DevOps Engineer,Dell,,Project Beta,9562.0
,453336.0,1966-11-05,,Seattle,,Apple,,Project Gamma,6023.0
Michael Brown,,1968-12-06,,Austin,Data Scientist,,2017-08-31,,1885.0
,519697.0,,,Seattle,Product Manager,,2015-07-03,Project Beta,2771.0
,154937.0,1992-11-07,Jessica Mays,Austin,,Asus,,,7979.0
,,1984-04-23,Ryan Oconnell,,Software Engineer,Apple,,Project Gamma,9796.0
,459439.0,,,Chicago,Product Manager,Asus,,Project Gamma,2807.0
Emily Davis,817619.0,1980-09-13,,,Data Scientist,,2024-01-05,Project Omega,
Jane Smith,,1980-11-15,Veronica Molina,Austin,,,,Project Gamma,2851.0
John Doe,983420.0,,Benjamin Holland,,,Lenovo,2019-04-04,,2669.0
Sarah Wilson,722557.0,,,Los Angeles,Software Engineer,Dell,,,3578.0
Jane Smith,,2001-02-18,Meghan Harmon,Los Angeles,,Apple,,Project Alpha,
Michael Brown,433360.0,,,New York,,Asus,,Project Beta,3889.0
Emily Davis,,,Joshua Parks,,,Apple,2024-12-17,Project Beta,6644.0
Emily Davis,234978.0,1992-03-31,Larry James,,,HP,,Project Beta,
Jane Smith,,1983-06-16,Roger Schultz,,Product Manager,,,Project Alpha,3001.0
Sarah Wilson,650584.0,,Amber Butler,New York,Product Manager,,,,4351.0
Sarah Wilson,810979.0,,Ashley Taylor,,Data Scientist,Apple,2024-08-17,,
John Doe,,,Amanda Cook,,,Apple,2025-05-27,Project Alpha,9620.0
,530075.0,1981-06-08,,,,Asus,2018-03-10,Project Alpha,1001.0
Michael Brown,209838.0,1991-04-30,,,DevOps Engineer,,,Project Alpha,4989.0
,369227.0,,Richard Rogers,,Software Engineer,Apple,2020-09-21,,4433.0
Emily Davis,521330.0,1965-02-02,Jason Garza,,,,2024-12-07,Project Delta,
,852728.0,1994-07-11,Melissa Davis,,,Lenovo,2017-05-13,,9299.0
John Doe,709426.0,,Peter Lewis,Chicago,,HP,2017-09-27,,
,704429.0,,Terry Martinez,New York,DevOps Engineer,HP,2024-05-21,,
John Doe,,1993-06-26,,Los Angeles,UI/UX Designer,,2017-08-26,Project Beta,
John Doe,497205.0,,Dylan Vargas,Chicago,,,2022-01-05,Project Omega,
John Doe,962566.0,2000-12-02,,Seattle,,,2019-03-16,Project Alpha,
Michael Brown,,1973-01-07,,,Product Manager,,2021-09-16,Project Gamma,4745.0
,,,Lauren Chen,,UI/UX Designer,HP,2021-09-21,Project Delta,8439.0
Sarah Wilson,327940.0,1999-11-14,David Cunningham,,,Lenovo,2022-07-16,,
Sarah Wilson,841310.0,1976-02-14,,Los Angeles,,,2023-11-16,Project Delta,
Emily Davis,,,Tyler Martin,San Francisco,Product Manager,,,Project Gamma,1162.0
Jane Smith,382767.0,,Erin Pacheco,,,,2023-12-10,Project Beta,1943.0
,,1971-02-25,Richard Perry,Seattle,Data Scientist,,2016-08-20,,9534.0
Emily Davis,880059.0,,Travis Winters,,Data Scientist,Lenovo,,Project Delta,
,605432.0,1977-05-27,Willie Cline,San Francisco,Software Engineer,HP,,,
Emily Davis,,1994-07-14,,Los Angeles,Data Scientist,,2023-02-12,,6738.0
Michael Brown,,,Aaron Burns,,DevOps Engineer,Dell,,Project Gamma,5125.0
,968332.0,2001-06-28,,Seattle,Data Scientist,,,Project Alpha,6853.0
Michael Brown,950525.0,1991-03-13,Brian Miller,,Data Scientist,HP,,,
Sarah Wilson,,1978-06-20,,,UI/UX Designer,Lenovo,2017-05-25,Project Beta,
Emily Davis,602953.0,1994-04-02,Gregory Mcfarland,,,Apple,2018-04-25,,
Michael Brown,545366.0,1971-07-05,,Chicago,DevOps Engineer,Apple,,,
Jane Smith,,,,San Francisco,Software Engineer,Lenovo,2017-06-07,,2693.0
,602247.0,1976-10-11,,Chicago,,Dell,2018-12-07,Project Beta,
John Doe,,1987-12-29,Sharon Hamilton,,,HP,2019-08-06,,2880.0
Michael Brown,611452.0,,Ashley Walker,,UI/UX Designer,,,Project Delta,2359.0
Emily Davis,926996.0,1965-02-24,,New York,,,2020-11-26,Project Gamma,
,,1978-01-13,,Los Angeles,Software Engineer,HP,,Project Omega,5847.0
,,1984-11-11,Ralph Evans,,UI/UX Designer,Dell,2019-06-18,,2404.0
Sarah Wilson,232354.0,1972-01-23,,Austin,,,2019-06-29,,2192.0
Jane Smith,,,Cindy Tran,,DevOps Engineer,,2024-03-02,Project Delta,9159.0
,360996.0,1968-11-06,,,DevOps Engineer,,2021-06-26,Project Omega,5718.0
John Doe,210080.0,1991-06-18,,,UI/UX Designer,Lenovo,2024-08-04,,
Jane Smith,720141.0,1990-09-22,Sylvia Lewis,,,Apple,2018-09-07,,
Emily Davis,,1998-01-21,Rodney Johnson,,Data Scientist,,,Project Alpha,8933.0
,102521.0,1980-12-08,,Chicago,DevOps Engineer,,2018-09-07,,6320.0
,,1996-08-24,Jacob Jones,,Software Engineer,Asus,2018-01-16,Project Beta,
John Doe,,1994-10-20,,Los Angeles,,HP,2022-08-07,Project Omega,
Michael Brown,106015.0,1999-10-05,,Seattle,,,2022-09-01,,5773.0
Sarah Wilson,312751.0,,Amy Hartman,,Software Engineer,HP,,,5319.0
Michael Brown,223519.0,,Frank Allen,Chicago,,Lenovo,2017-03-12,,
,137926.0,,Roy Reed,Austin,Data Scientist,,2017-07-28,Project Delta,
,,,,Austin,Data Scientist,Apple,2020-01-22,Project Gamma,2896.0
,,2000-09-03,,,Software Engineer,Lenovo,2025-04-24,Project Omega,2104.0
,961706.0,1979-10-31,,Los Angeles,DevOps Engineer,Asus,,,9812.0
,,,Kimberly Kelly,Seattle,Data Scientist,Dell,2025-02-11,,7773.0
John Doe,,1993-10-24,Jessica Jackson,,UI/UX Designer,,,Project Delta,5185.0
,445817.0,1995-10-28,Craig Evans,,,HP,,Project Beta,1359.0
John Doe,597046.0,,,Chicago,Product Manager,Lenovo,2022-11-04,,
Jane Smith,758388.0,,Tammy Russell,Seattle,Software Engineer,,2021-03-20,,
Jane Smith,196969.0,1992-04-02,,,DevOps Engineer,Asus,2016-01-25,,
,615115.0,1973-04-26,Deborah Alvarado,,,,2024-03-06,Project Delta,4349.0
,846550.0,1977-07-11,Michelle Watkins,,Software Engineer,Lenovo,,,5864.0
Emily Davis,715585.0,1986-05-13,Robert Price,New York,,,2016-03-16,,
,547170.0,2002-02-09,,Los Angeles,Data Scientist,Lenovo,,,5845.0
,900913.0,,Nicholas Palmer,Los Angeles,Data Scientist,Asus,,Project Omega,
Sarah Wilson,369306.0,1978-09-15,Joseph Santana,Los Angeles,,,2018-01-13,,
,695889.0,1999-07-31,,,,Asus,2025-04-18,Project Omega,4100.0
Michael Brown,,,,Los Angeles,Product Manager,,2017-07-15,Project Alpha,6120.0
,785964.0,1985-03-21,Michael Baxter,San Francisco,,Dell,,Project Alpha,
Jane Smith,595429.0,1989-10-21,,,UI/UX Designer,Apple,,,2370.0
,677071.0,1980-08-18,James Watts,,,Asus,,Project Alpha,9497.0
,161488.0,2001-08-18,Shannon Smith,Austin,,Apple,2022-09-21,,
,769040.0,,,Seattle,UI/UX Designer,,2020-09-04,Project Omega,9785.0
Emily Davis,728659.0,1996-09-16,Elizabeth Cooper,Seattle,,Lenovo,,,
John Doe,239884.0,1975-08-24,,Chicago,,Apple,,Project Omega,
,196408.0,1975-09-28,Tiffany Gomez,,Software Engineer,Dell,,,4486.0
Sarah Wilson,,,Joseph Moran,Seattle,DevOps Engineer,,2016-05-05,Project Gamma,
,207541.0,,,,Software Engineer,HP,2016-02-03,Project Omega,9530.0
,,1972-02-14,,San Francisco,Product Manager,HP,,Project Alpha,4817.0
,592751.0,1995-11-30,,Seattle,,Lenovo,,Project Beta,2427.0
,722698.0,1980-11-24,,San Francisco,Software Engineer,Asus,,,4736.0
Emily Davis,839589.0,1994-05-10,Mary Hernandez,,,,2019-09-15,Project Delta,
Emily Davis,383268.0,1974-03-01,,Seattle,Software Engineer,,,Project Alpha,
Sarah Wilson,372088.0,1985-09-13,,Los Angeles,Product Manager,Asus,,,
,821694.0,1989-02-06,,Chicago,UI/UX Designer,,2020-05-27,,7478.0
,886009.0,,,Seattle,UI/UX Designer,Dell,2021-02-20,,5236.0
Sarah Wilson,320894.0,1965-02-08,Tiffany Browning,,,,2021-09-02,,5988.0
Emily Davis,,1972-12-09,,,UI/UX Designer,,2019-12-04,Project Gamma,9367.0
Sarah Wilson,587443.0,,Jacqueline Lang,,,Lenovo,,Project Beta,7943.0
,,1991-05-19,Caitlyn Aguilar,,DevOps Engineer,HP,,Project Beta,1833.0
,,1971-10-27,Michael Thomas,Austin,Data Scientist,,,Project Omega,3106.0
Michael Brown,435897.0,1965-11-01,Derek Romero,New York,,,,Project Alpha,
Emily Davis,,,Nicholas Bennett,Seattle,,Lenovo,2016-06-24,Project Omega,
,,,Rachel Mann,Seattle,UI/UX Designer,Asus,2015-11-15,,4038.0
John Doe,341088.0,,,New York,UI/UX Designer,,,Project Alpha,6813.0
,,1989-04-11,Michael Gilbert,Los Angeles,Data Scientist,Asus,,Project Beta,
Michael Brown,715166.0,,Tanya Smith,,Data Scientist,HP,,Project Omega,
Emily Davis,,1971-12-04,,,Data Scientist,HP,2022-04-16,,3291.0
John Doe,,1964-09-10,,San Francisco,,Lenovo,2024-04-04,Project Beta,
John Doe,346427.0,1987-05-02,Stephanie Walker,,Data Scientist,,,,8815.0
,,1974-08-26,Joseph Morris,New York,Product Manager,,2024-12-21,Project Alpha,
,213456.0,1975-04-05,Mary Hinton,Chicago,,Apple,,Project Beta,
Emily Davis,338912.0,,Daniel Mcclain,,,,2016-08-18,Project Delta,4061.0
,360307.0,1989-12-15,Edward Berry,,Software Engineer,,2022-12-13,Project Delta,
Jane Smith,323172.0,1988-09-17,,Chicago,,Dell,,Project Omega,
Jane Smith,848629.0,1969-10-03,,,Product Manager,,,Project Gamma,3879.0
John Doe,466658.0,1980-01-04,Lauren Valenzuela,Austin,,HP,,,
Sarah Wilson,,,Mr. Craig Hall,New York,DevOps Engineer,Asus,,Project Beta,
Michael Brown,899229.0,1996-12-04,,Seattle,,Apple,,,1867.0
John Doe,,1965-09-08,Isaac Owen DDS,,Product Manager,HP,2016-05-24,,
Emily Davis,211381.0,1965-07-05,,,Software Engineer,,,Project Omega,2415.0
,454359.0,1975-11-15,,,DevOps Engineer,Asus,,Project Delta,3279.0
Michael Brown,542419.0,,,Austin,,Asus,2024-04-22,Project Gamma,
,264076.0,,Catherine Keller,San Francisco,,Asus,2024-06-22,Project Delta,
Emily Davis,739087.0,,Noah Wheeler,Chicago,,Lenovo,,,5201.0
Michael Brown,636970.0,1978-07-06,,Seattle,,,2018-03-05,,1467.0
Emily Davis,,1981-05-18,,Los Angeles,,,2023-05-22,Project Gamma,4048.0
,,,Nathan Moreno,San Francisco,,Apple,2019-12-02,Project Omega,2720.0
John Doe,754518.0,,Wanda Zavala,,,HP,,Project Delta,5014.0
Sarah Wilson,,1970-05-28,,Chicago,,Dell,2024-03-31,,1498.0
Michael Brown,550912.0,,Mary Carter,San Francisco,Software Engineer,,2019-04-04,,
,672700.0,1999-01-04,,Seattle,UI/UX Designer,Asus,,Project Gamma,
Emily Davis,230826.0,1972-06-05,,,Data Scientist,Dell,,Project Gamma,
,193824.0,2000-02-24,Ashley Moran,Los Angeles,UI/UX Designer,,2023-08-12,,
John Doe,245524.0,,Erin Delgado,Chicago,DevOps Engineer,,,Project Omega,
,233696.0,,Destiny Soto,,DevOps Engineer,Apple,2022-04-02,Project Delta,
,494037.0,2002-10-10,,Los Angeles,Software Engineer,Asus,2015-07-10,,
Jane Smith,676383.0,,Mark Smith,New York,Software Engineer,,2025-02-06,,
,261999.0,,,Austin,,Apple,2015-07-28,Project Delta,3826.0
Michael Brown,,,Willie Faulkner,New York,Product Manager,Lenovo,2020-10-31,,
Sarah Wilson,178296.0,,Thomas Dennis,,,Apple,2019-03-05,Project Alpha,
Jane Smith,,1998-02-21,,Chicago,Software Engineer,Lenovo,,Project Omega,
,,1977-02-07,Wayne Franklin,,Data Scientist,,2017-09-02,Project Gamma,1227.0
,233623.0,1973-04-08,,,DevOps Engineer,,2021-12-22,Project Delta,3445.0
John Doe,,,Edwin Fowler,New York,Software Engineer,Lenovo,2018-12-07,,
,630750.0,1999-05-26,,New York,,Apple,2016-11-16,,3382.0
,890919.0,2000-12-22,Ronald Smith,,,Dell,2017-12-25,,4830.0
Jane Smith,,2001-11-28,,,UI/UX Designer,Dell,2019-11-04,Project Gamma,
,,1969-08-11,,San Francisco,Product Manager,Dell,,Project Beta,6590.0
John Doe,883308.0,,Nicholas Larson,Chicago,UI/UX Designer,,,,2102.0
,,1984-07-10,,Los Angeles,Data Scientist,,2021-08-03,Project Beta,7710.0
Jane Smith,548278.0,1977-04-12,,Los Angeles,Software Engineer,,,,5287.0
,594741.0,1976-11-30,William Edwards,New York,,,,Project Gamma,3333.0
Jane Smith,209411.0,1999-11-17,,,,HP,,Project Beta,7076.0
Jane Smith,,,Richard Baker,,DevOps Engineer,Lenovo,2025-04-24,,1306.0
,316136.0,2001-05-23,Theresa Martinez,,,,2022-07-19,Project Gamma,7290.0
,551950.0,1973-07-28,Terry Morris,Chicago,,Apple,2022-10-02,,
Emily Davis,371757.0,,Thomas Alvarez,,,Asus,2021-04-20,Project Omega,
Jane Smith,,,Sean Hall,San Francisco,Product Manager,HP,,,9825.0
Michael Brown,100285.0,,Nicholas Galloway,New York,,,2024-08-15,,6276.0
Jane Smith,906165.0,,Ralph Solis,San Francisco,Data Scientist,,,,5897.0
Jane Smith,,,Sarah Cook,San Francisco,,Asus,2024-09-13,,7728.0
,942783.0,1989-03-26,Matthew Stevenson,Austin,,,,Project Delta,5270.0
,,1970-08-28,Sue Guerrero,,,Dell,2019-08-17,Project Delta,4249.0
,292143.0,1986-04-05,William Thompson,Los Angeles,,,2022-05-27,,9294.0
John Doe,437437.0,1966-07-20,,,,Asus,,Project Alpha,8585.0
,816196.0,1984-12-27,,San Francisco,,HP,,Project Beta,4620.0
Michael Brown,234995.0,,Melissa Gutierrez,San Francisco,Software Engineer,,,Project Alpha,
John Doe,749499.0,,,,UI/UX Designer,,2024-08-24,Project Beta,3806.0
,,,Thomas Glenn,Los Angeles,Software Engineer,,2018-02-14,Project Gamma,9243.0
,498546.0,,George Bryant,San Francisco,Data Scientist,,2018-06-02,Project Beta,
Emily Davis,,1970-10-09,Kathleen Henderson,Seattle,Data Scientist,,,Project Omega,
Sarah Wilson,,2002-02-17,,,Software Engineer,Asus,,Project Omega,2352.0
,787573.0,,Jeremy Miller,,UI/UX Designer,Apple,,Project Delta,2729.0
Sarah Wilson,277830.0,,,Los Angeles,UI/UX Designer,,2022-10-15,,9809.0
,681230.0,1992-08-15,Rebecca Anderson,Austin,DevOps Engineer,Lenovo,,,
,963001.0,2000-11-10,,,Product Manager,HP,2022-09-29,Project Omega,
Sarah Wilson,911588.0,,Abigail Peterson,San Francisco,,,2015-09-20,Project Delta,
,543435.0,1994-06-14,,,UI/UX Designer,Dell,2015-11-23,,2462.0
,,1978-07-08,,Seattle,,Apple,2021-06-20,Project Alpha,1193.0
Michael Brown,,1997-11-24,,San Francisco,,Asus,2020-11-20,,9663.0
,183341.0,1994-12-22,Anthony David,,Software Engineer,Lenovo,2016-04-27,,
Emily Davis,848146.0,,,,Software Engineer,Dell,2023-02-26,,7236.0
Sarah Wilson,685350.0,,,,Data Scientist,Dell,2023-12-15,,5422.0
,,1991-12-06,Jacob Ramirez,,,Lenovo,2020-04-14,Project Gamma,8358.0
Sarah Wilson,,,Jamie Mckee,Seattle,Product Manager,,2016-01-05,Project Omega,
Emily Davis,198758.0,1992-05-28,Christine Edwards,San Francisco,,Dell,,,
,495478.0,,Jacob Hunt,Austin,Product Manager,,2022-06-08,,7176.0
Jane Smith,376501.0,,Teresa Garza,,Software Engineer,HP,,Project Alpha,
John Doe,998941.0,,Matthew Greer,Los Angeles,,Asus,,,6833.0
Sarah Wilson,,1978-04-10,Marissa Parker,San Francisco,UI/UX Designer,,2021-06-23,,
,656334.0,1995-03-04,Tamara Andrews,,,Dell,,Project Delta,7790.0
Michael Brown,294283.0,1999-06-25,Lindsey Russell,,,HP,,Project Omega,
Emily Davis,767761.0,1981-06-12,,,,,2018-06-25,Project Omega,3173.0
Michael Brown,497121.0,1978-11-09,,Chicago,,Lenovo,2021-02-13,,
Michael Brown,401663.0,,Nathaniel Baker,San Francisco,Software Engineer,,2021-11-04,,
Jane Smith,,,,San Francisco,,Lenovo,2016-10-19,Project Omega,3164.0
Michael Brown,,,Debra Scott,Austin,Product Manager,,2024-06-21,,8039.0
,157735.0,1973-02-09,Emily Perez,Chicago,,Apple,2016-08-12,,
Emily Davis,,1978-06-19,,Austin,,,2020-08-16,Project Gamma,5253.0
Emily Davis,172207.0,,John Maldonado,Austin,UI/UX Designer,,,Project Alpha,
Emily Davis,,1982-11-18,Christopher Evans,San Francisco,,Asus,,Project Gamma,
Sarah Wilson,364852.0,1983-07-05,,Chicago,UI/UX Designer,,,Project Omega,
Jane Smith,,1990-05-30,,New York,UI/UX Designer,HP,2025-05-22,,
Michael Brown,915497.0,1971-09-10,Dawn Reynolds,Seattle,,,,,8209.0
Michael Brown,260440.0,,John Arnold,,,HP,,Project Omega,9659.0
,,1979-09-03,Adam Vega,Austin,,Dell,2015-10-22,,7073.0
Michael Brown,760700.0,1993-10-24,,New York,,,,Project Delta,2728.0
Jane Smith,518609.0,1976-11-15,,,Data Scientist,,2020-03-20,Project Gamma,
,369128.0,1979-02-20,Judy Horton,,Product Manager,Asus,2020-03-29,,
,955337.0,,Debbie Thomas,Chicago,,Asus,2017-05-07,,3032.0
,,1975-03-24,Shawn Hines,Seattle,,Lenovo,2023-06-20,,8675.0
Emily Davis,,2002-01-11,Janet Collins,New York,UI/UX Designer,,,Project Alpha,
John Doe,,2002-08-01,,Los Angeles,,Apple,,Project Gamma,8617.0
Jane Smith,,1988-01-14,,Austin,Software Engineer,,2015-10-01,Project Omega,
Emily Davis,967075.0,,,New York,UI/UX Designer,Asus,,Project Alpha,
,824320.0,1983-07-02,,Chicago,,HP,,Project Gamma,5643.0
Jane Smith,,1971-02-22,,Seattle,DevOps Engineer,Asus,,Project Alpha,
,801274.0,1981-11-12,Samantha Taylor,,,Lenovo,,Project Alpha,1871.0
,405924.0,,Steven Dougherty,Seattle,Product Manager,,,Project Omega,7951.0
,558266.0,1991-11-03,Tiffany Jackson,Austin,,Dell,2017-06-28,,
Sarah Wilson,107049.0,1975-07-08,,New York,,,2021-04-01,,9735.0
Emily Davis,945390.0,1997-06-21,,Austin,UI/UX Designer,,,,7953.0
Emily Davis,,,Nicholas Weaver,Los Angeles,Data Scientist,HP,,,6605.0
Emily Davis,296610.0,,Amber Green,San Francisco,,,2022-05-23,Project Beta,
,383454.0,,Evan Decker,San Francisco,,HP,2016-02-24,Project Omega,
,380598.0,1966-12-30,Victoria Whitehead,Austin,,Apple,,,3082.0
Jane Smith,388454.0,,Cynthia Willis,,Product Manager,HP,,Project Delta,
John Doe,997828.0,,Mark Deleon,Austin,,Apple,,Project Beta,
,809311.0,1988-03-04,Samuel Richardson,New York,,Lenovo,,,4788.0
Michael Brown,985066.0,,,,DevOps Engineer,Dell,2022-07-03,Project Beta,
Michael Brown,,2002-02-25,Amanda Lyons,,,Asus,,Project Delta,1093.0
Emily Davis,,1968-05-14,,Los Angeles,DevOps Engineer,Lenovo,,,1110.0
,977721.0,1977-09-25,,,,Apple,2021-06-09,Project Gamma,6110.0
Sarah Wilson,,,Jose Henry,Chicago,Product Manager,HP,2023-04-18,,
,692988.0,1965-01-08,Jeffrey Gomez,Los Angeles,,Apple,2015-10-13,,
,100408.0,,,,Product Manager,Apple,2018-08-13,Project Omega,9146.0
Emily Davis,,1979-11-29,,,Product Manager,,2019-08-01,Project Beta,1317.0
,384630.0,1981-02-11,,Seattle,DevOps Engineer,Asus,,Project Beta,
John Doe,,,Jason Singh,,DevOps Engineer,Dell,2019-08-30,Project Beta,
Sarah Wilson,,,Dylan Torres,,DevOps Engineer,Lenovo,,Project Omega,4240.0
,211070.0,,Shannon Saunders,,,Lenovo,2025-04-21,Project Delta,1255.0
,,,Margaret Henson,Austin,Software Engineer,Dell,2019-05-27,,2881.0
,,1964-07-21,Arthur Williams,Chicago,,Asus,,Project Delta,8447.0
,,1977-07-09,Dr. Sherri Stephenson MD,San Francisco,DevOps Engineer,Asus,,,4753.0
John Doe,,1992-02-02,Courtney Richardson,,,,2016-06-18,Project Beta,6282.0
Emily Davis,405833.0,,,Austin,,Dell,2021-12-25,,4144.0
,486377.0,,Marcia Morrow,,Product Manager,Lenovo,,Project Gamma,3778.0
Sarah Wilson,661286.0,1977-05-21,,,Data Scientist,,2020-09-17,Project Delta,
Emily Davis,810634.0,,,,Product Manager,Apple,,Project Alpha,3307.0
,920067.0,,Ryan Chandler,Chicago,,,2017-04-24,Project Delta,7310.0
Sarah Wilson,948204.0,,,Chicago,Product Manager,,,Project Gamma,1101.0
,,,,Austin,Product Manager,HP,2022-08-01,Project Omega,7289.0
,292108.0,1972-12-17,John Lloyd,Austin,,Asus,,Project Gamma,
Sarah Wilson,702450.0,1988-06-01,Justin Stephens,,Product Manager,,2016-12-24,,
Jane Smith,134383.0,,Kyle Graham,New York,UI/UX Designer,Dell,,,
John Doe,607355.0,,,Los Angeles,DevOps Engineer,Asus,,,5213.0
,620196.0,1988-03-04,,Chicago,,Dell,,Project Delta,8697.0
Michael Brown,,1965-12-14,Holly Camacho,Los Angeles,Data Scientist,,2022-08-08,,
Jane Smith,,1968-08-30,,Chicago,,Asus,,Project Gamma,3991.0
Michael Brown,,1977-08-02,Kimberly Martin,Austin,UI/UX Designer,,,,1619.0
,,1975-08-08,Steven Day,Chicago,UI/UX Designer,Asus,,,1300.0
,,2000-12-17,Jesse Collins Jr.,New York,Software Engineer,Dell,,Project Alpha,
,122943.0,1982-09-25,Tracy Ortiz,,Product Manager,,2019-01-03,,8833.0
,,1971-10-04,Sarah Morgan,,DevOps Engineer,Lenovo,2015-06-13,Project Alpha,
Michael Brown,545893.0,,William Martin,Los Angeles,Product Manager,,,Project Omega,
Emily Davis,360783.0,,Lori Cook,Chicago,Product Manager,HP,,,
John Doe,434066.0,,,Austin,,HP,2015-07-30,,7649.0
Emily Davis,,1989-05-06,Joseph Copeland,San Francisco,,,2022-04-04,Project Beta,
Jane Smith,,1981-03-06,,Austin,Data Scientist,Apple,,Project Beta,
Michael Brown,521279.0,,Zachary Barnes,Los Angeles,,,2016-03-14,Project Beta,
Emily Davis,,,,New York,UI/UX Designer,Lenovo,,Project Gamma,4262.0
Michael Brown,203538.0,,Kristi Butler,,,Asus,2024-06-14,,7978.0
John Doe,,,Debra Foster,San Francisco,DevOps Engineer,,2021-08-04,,9909.0
John Doe,,1978-05-13,,San Francisco,,,2025-04-13,Project Beta,8771.0
,467740.0,,Darryl Evans,,DevOps Engineer,Lenovo,2018-06-18,Project Alpha,
Sarah Wilson,,1985-06-24,,New York,Software Engineer,Lenovo,,,4884.0
John Doe,,,Amanda Olsen,Seattle,DevOps Engineer,Dell,2021-01-10,,
,548251.0,1984-07-23,,New York,UI/UX Designer,Dell,2024-08-04,,
Jane Smith,,,Thomas Parks,Los Angeles,DevOps Engineer,,2022-01-08,Project Delta,
Jane Smith,430659.0,,,Los Angeles,UI/UX Designer,,2016-05-01,,5403.0
,,1977-08-20,Seth Mooney,Seattle,,Lenovo,2018-06-14,,9129.0
,558439.0,1966-07-20,Leslie Mcguire,Chicago,,Lenovo,,,7654.0
Sarah Wilson,967972.0,,Kyle Kline,,DevOps Engineer,Asus,,Project Gamma,
Michael Brown,236678.0,,Amber Anderson,Los Angeles,UI/UX Designer,,,Project Gamma,
Jane Smith,153951.0,1999-01-27,,,Data Scientist,,2017-10-29,,1849.0
,584609.0,1991-11-26,Erica Ferguson,San Francisco,,,2024-10-21,Project Delta,
Emily Davis,606324.0,1972-06-22,Katherine Fletcher,,,,2022-07-08,,6568.0
,,1992-09-11,,,Software Engineer,Dell,2016-07-03,Project Beta,8114.0
,847545.0,,,Los Angeles,,Apple,2022-01-04,Project Beta,8604.0
Jane Smith,,1971-03-02,,New York,,Dell,2024-01-27,Project Gamma,
,123126.0,1968-12-24,,,,Asus,2023-01-15,Project Alpha,4304.0
John Doe,680789.0,1991-06-07,,Los Angeles,Product Manager,,,Project Gamma,
,683408.0,1997-12-18,,Los Angeles,,Dell,,Project Delta,5151.0
Michael Brown,,,Jason Frank,,,HP,2017-02-01,Project Beta,1888.0
Sarah Wilson,,1980-05-15,,,Software Engineer,HP,2016-09-04,Project Omega,
,891271.0,,Martha Kelly,New York,,,2017-11-27,Project Beta,6065.0
John Doe,113739.0,1980-10-23,,,,Apple,,Project Beta,2472.0
Jane Smith,,1997-09-21,Lisa Lewis,,DevOps Engineer,Apple,,,8184.0
,,1990-08-22,Bryan Sosa,New York,,Dell,2023-11-28,,1899.0
John Doe,282334.0,,,Seattle,,Dell,,Project Gamma,6391.0
Sarah Wilson,,1972-04-30,Michael Thompson,,,HP,2023-03-17,Project Gamma,
,637621.0,,,San Francisco,UI/UX Designer,Asus,2020-07-25,,8772.0
Emily Davis,,1978-06-02,,,Product Manager,,2015-06-08,Project Delta,8594.0
,735500.0,1983-08-09,,,Data Scientist,Asus,2017-08-26,,6725.0
,,1984-11-30,,New York,Product Manager,Lenovo,,Project Alpha,4829.0
Michael Brown,118057.0,,James Marshall,San Francisco,,Apple,2018-06-29,,
,,,Lisa Smith,Seattle,Software Engineer,Apple,2022-08-22,Project Beta,
Sarah Wilson,199048.0,1988-03-24,Lee Nelson,Chicago,,,2018-03-30,,
,,,Brian Skinner,Austin,Data Scientist,Lenovo,2015-09-20,Project Delta,
Michael Brown,,,,Austin,,Apple,2017-01-19,Project Delta,6078.0
Emily Davis,,1994-02-21,,Los Angeles,Data Scientist,Lenovo,2018-08-02,,
Emily Davis,879387.0,1990-11-06,,New York,,HP,,Project Gamma,
,359019.0,,,Seattle,UI/UX Designer,Asus,,Project Omega,4537.0
Jane Smith,919427.0,1980-04-10,,New York,,Lenovo,2022-10-14,,
Emily Davis,,,,San Francisco,UI/UX Designer,,2024-04-09,Project Omega,5529.0
,217498.0,1996-05-15,,,,HP,2022-01-15,Project Omega,4033.0
,,,Matthew Hayes,Los Angeles,DevOps Engineer,Apple,,Project Alpha,1667.0
,432274.0,,Patrick Brandt,Austin,Product Manager,Dell,2017-12-06,,
,903833.0,1966-08-03,,San Francisco,,Asus,2017-04-30,Project Delta,
,281358.0,,,Austin,,HP,2019-04-08,Project Alpha,8881.0
Michael Brown,538586.0,,,Seattle,Software Engineer,,2021-01-25,,7590.0
Michael Brown,,,Terry Rodriguez,New York,Data Scientist,,2020-07-22,,8644.0
,403788.0,1975-04-05,Michelle Levine,San Francisco,,HP,,Project Omega,
Sarah Wilson,727119.0,1982-03-14,Joseph Hall DVM,,,,,Project Gamma,9920.0
Jane Smith,523361.0,,,Seattle,,Asus,2017-11-18,,3823.0
,,2000-01-04,Amber Roberts,,UI/UX Designer,Dell,2017-01-21,,7804.0
Michael Brown,715000.0,,Daniel Hinton,,Software Engineer,Asus,,Project Alpha,
Michael Brown,488969.0,,Christopher Young,Austin,DevOps Engineer,,,,4029.0
Sarah Wilson,207349.0,1988-04-05,Stephen Smith,Los Angeles,,,2021-08-07,,
Sarah Wilson,495488.0,,,New York,DevOps Engineer,HP,,Project Gamma,
Jane Smith,,,Eileen Matthews,San Francisco,DevOps Engineer,,2017-01-04,Project Gamma,
John Doe,562493.0,,,,,Lenovo,2022-04-14,Project Omega,4283.0
,,,Paula Patterson,Austin,Product Manager,Asus,2025-01-25,Project Alpha,
Emily Davis,,,Richard Ferguson,,Product Manager,HP,2018-09-06,Project Gamma,
,,1965-11-12,,New York,,Apple,2022-05-04,Project Gamma,1021.0
Michael Brown,,1969-08-31,Raven Boyd,,Software Engineer,,,Project Alpha,6055.0
,497412.0,,,,DevOps Engineer,Dell,2024-08-07,Project Beta,4715.0
Emily Davis,939515.0,,,Austin,,Asus,,Project Gamma,7050.0
John Doe,401551.0,,,New York,UI/UX Designer,Lenovo,2017-10-30,,
,,1980-06-20,Gail Weber,Chicago,,HP,,Project Delta,5207.0
,223150.0,1970-05-09,,Los Angeles,UI/UX Designer,Lenovo,,,2324.0
,,,Shannon Kennedy,Seattle,,HP,2021-04-01,Project Alpha,7309.0
,585703.0,2002-11-06,Terry Johnson,,Product Manager,,,Project Gamma,3731.0
,,1966-08-24,Kenneth Robinson,,,Dell,2023-12-04,Project Alpha,5557.0
Emily Davis,588208.0,,Jordan Sawyer,San Francisco,,Asus,2021-06-27,,
Sarah Wilson,937031.0,,Matthew Rosales,Seattle,,Asus,,Project Delta,
,912056.0,,Jason Smith,Los Angeles,,Apple,,Project Gamma,4802.0
,,1994-11-17,Christine Davis,,Data Scientist,HP,2020-02-14,,3002.0
Jane Smith,,1989-04-03,Beth Kim,,Data Scientist,HP,2023-09-01,,
Jane Smith,,,Robin Rodriguez,Los Angeles,,Dell,2019-08-17,Project Omega,
Michael Brown,710360.0,,Karen Alexander,Los Angeles,,Asus,,Project Beta,
Jane Smith,854158.0,,,New York,,,2015-07-22,Project Beta,3807.0
Emily Davis,,,Robert Wood,Austin,Product Manager,,2022-06-06,,5762.0
John Doe,,1979-02-23,Isaac Lucas,Austin,Product Manager,,2020-12-14,,
,,1998-11-27,,Los Angeles,Software Engineer,,2017-04-27,Project Delta,1020.0
Emily Davis,251038.0,1996-03-15,,,DevOps Engineer,,,Project Omega,6285.0
Sarah Wilson,,,Nancy Dean,Austin,Software Engineer,,2018-03-15,Project Omega,
,636742.0,1997-11-28,Steven Reyes,San Francisco,UI/UX Designer,,2022-09-17,,
,730503.0,1971-05-31,,New York,,HP,2015-08-28,Project Omega,
Jane Smith,,1969-12-27,,New York,,,2017-07-21,Project Beta,7746.0
John Doe,483793.0,2003-04-12,,San Francisco,,,2023-02-18,,7402.0
Sarah Wilson,871446.0,,Rebekah Sutton,,,HP,,Project Gamma,1809.0
,107086.0,1977-10-15,,,Software Engineer,,2016-06-28,Project Alpha,3257.0
Sarah Wilson,418512.0,1966-12-18,,San Francisco,Data Scientist,,2022-03-09,,
Jane Smith,,,Raymond Gallegos,San Francisco,Data Scientist,Apple,,,5955.0
,,1996-07-21,Kimberly Baker,,Product Manager,Lenovo,2022-06-13,,4675.0
,349798.0,1978-04-05,Terry Ferrell,Austin,,Asus,,,1852.0
,830868.0,,,New York,,Asus,2015-12-11,Project Alpha,5645.0
,227015.0,,,Los Angeles,UI/UX Designer,HP,2020-08-02,Project Delta,
John Doe,,,Patrick Martinez,Chicago,Product Manager,,,Project Omega,5244.0
Jane Smith,,1981-09-01,Tracey Pearson,San Francisco,,Asus,,Project Omega,
Sarah Wilson,,1984-02-16,Curtis Scott,Seattle,,Lenovo,,Project Delta,
Sarah Wilson,237902.0,,Johnny Campbell,,,,2020-03-20,Project Beta,1145.0
Michael Brown,,1973-05-25,Kyle Thomas,Los Angeles,,HP,,Project Beta,
,349102.0,1999-08-08,Christopher Taylor,,Product Manager,,2022-03-24,Project Omega,
,511726.0,1995-03-19,Brandi Harris,New York,,,2018-03-08,,8567.0
John Doe,,,Barbara Baker,Seattle,Software Engineer,Apple,,Project Alpha,
Sarah Wilson,,,,Chicago,Product Manager,Asus,2016-01-13,Project Delta,
,719478.0,1993-08-07,,,,Asus,2021-06-10,Project Beta,3209.0
Jane Smith,,,Gilbert Sanchez,,,Apple,2015-11-18,Project Beta,8925.0
Emily Davis,,,Travis Randolph,Chicago,,HP,2024-01-21,,5805.0
John Doe,863055.0,,David Rollins,Chicago,,Apple,,,9554.0
John Doe,,,,Los Angeles,UI/UX Designer,Asus,2022-10-10,,1286.0
Emily Davis,,1978-08-21,,Los Angeles,,Apple,2020-05-08,Project Alpha,
John Doe,277095.0,,Jennifer Wilson,,,Apple,2015-09-19,Project Gamma,
,173646.0,1977-09-19,,,,HP,2019-05-26,Project Beta,8807.0
Michael Brown,,1998-07-26,,Austin,DevOps Engineer,,,Project Beta,2607.0
John Doe,316073.0,,Jeremiah Cruz,New York,,,,Project Gamma,5327.0
Jane Smith,775250.0,,,San Francisco,Data Scientist,Apple,2019-03-17,,
,850831.0,,,Chicago,Software Engineer,Apple,2020-06-15,,2922.0
John Doe,510566.0,,,Seattle,,,2016-11-26,Project Alpha,1900.0
Sarah Wilson,645962.0,2001-09-30,,Austin,,,,Project Beta,6955.0
Michael Brown,,,Mrs. Virginia Davis,Austin,,,2015-11-05,Project Alpha,6174.0
,,1972-08-26,Joseph Wong,New York,UI/UX Designer,Dell,2023-10-10,,
Jane Smith,469935.0,,Heidi Mitchell,,UI/UX Designer,,2022-08-23,,9547.0
,545671.0,1991-04-30,,Seattle,,Lenovo,2023-05-14,Project Beta,
,,2002-07-31,,Chicago,DevOps Engineer,Dell,2022-11-14,,2683.0
,,1990-07-14,,New York,UI/UX Designer,Apple,,Project Alpha,4490.0
,558764.0,,Gary Key,Austin,UI/UX Designer,,,Project Gamma,5331.0
,796160.0,,Rachel Johnson,Chicago,Data Scientist,Asus,2018-02-12,,
,576257.0,1975-04-21,Betty Lambert,Los Angeles,UI/UX Designer,,,,6971.0
John Doe,444109.0,1995-04-20,,New York,,,2020-02-29,,8161.0
John Doe,107122.0,1970-03-02,Nathan Brown,Los Angeles,DevOps Engineer,,,,
Emily Davis,860489.0,,,Los Angeles,,Apple,2017-07-02,,2379.0
,416639.0,1972-10-04,Kristi Bishop,,,,2023-06-07,Project Beta,2539.0
Emily Davis,774036.0,,Laura Reid,New York,Data Scientist,,2022-12-06,,
John Doe,,2001-07-18,Andrea Johnson,,,,2017-11-16,Project Gamma,9055.0
Sarah Wilson,238014.0,1984-07-25,,,Data Scientist,,,Project Gamma,3275.0
,262708.0,,Michelle Schwartz,Chicago,,Lenovo,,Project Delta,3539.0
Sarah Wilson,,1965-07-22,,Chicago,Data Scientist,,,Project Omega,2097.0
,398258.0,1981-04-01,,Seattle,Product Manager,HP,2024-09-25,,
John Doe,,1996-10-24,Patricia Howard,,,Asus,,Project Alpha,3419.0
Michael Brown,,1980-09-13,Sheila Sims,Austin,Data Scientist,,2021-08-08,,
John Doe,,1972-06-30,,Los Angeles,DevOps Engineer,,2018-05-18,,6083.0
Jane Smith,652446.0,1967-11-10,,,Data Scientist,,2019-09-24,,9125.0
Jane Smith,,,Stephanie Padilla,Los Angeles,Product Manager,Dell,,Project Omega,
,212440.0,1995-08-18,Elizabeth Huang,,,,2017-04-11,Project Omega,4597.0
Sarah Wilson,,1979-09-04,,,Data Scientist,Asus,2022-10-20,Project Gamma,
,728396.0,1991-11-12,,New York,Data Scientist,,2017-09-23,,1994.0
John Doe,519897.0,,,Seattle,,Asus,,Project Delta,8529.0
Jane Smith,,1987-04-08,Angela Tanner,Los Angeles,,,,Project Delta,6301.0
Sarah Wilson,,,Caitlin Kelly,San Francisco,DevOps Engineer,,,Project Alpha,7205.0
,801584.0,1997-04-20,,,Software Engineer,Lenovo,2021-05-04,,5628.0
,475584.0,2001-06-09,Dr. Richard Hart,Chicago,UI/UX Designer,,,,5809.0
Jane Smith,982777.0,1992-06-25,,,Product Manager,,,Project Alpha,6647.0
,835434.0,1986-06-03,Timothy Wilson,,,Apple,2025-02-09,Project Gamma,
John Doe,977391.0,,Gary Johnson,,,HP,2017-04-15,,7233.0
,685981.0,1969-02-22,,,,Apple,2018-03-08,Project Alpha,8969.0
,419554.0,1983-09-29,Jill Turner,Austin,Software Engineer,,,,7515.0
Sarah Wilson,779898.0,,,,DevOps Engineer,,2025-01-16,Project Alpha,5905.0
Sarah Wilson,971412.0,1996-01-17,Teresa Harris,Seattle,,,,,3504.0
,818300.0,,Kristie Peterson,,,Lenovo,2024-07-27,Project Alpha,8915.0
,334289.0,,,New York,,Apple,2024-01-20,Project Alpha,6846.0
,768367.0,,Melissa Velez,San Francisco,,HP,2023-12-25,Project Delta,
,592512.0,1972-11-02,Anne Sanders,,Software Engineer,Dell,,Project Beta,
Michael Brown,130132.0,,,,Product Manager,Lenovo,,Project Omega,5029.0
John Doe,,1994-11-18,David Frye,,,HP,,Project Beta,1864.0
,,1993-02-24,Carlos George,Chicago,Data Scientist,,,Project Alpha,6525.0
,,1982-04-24,,Austin,UI/UX Designer,,2024-06-22,Project Beta,5617.0
John Doe,,2003-02-24,,Chicago,,Dell,2019-04-02,Project Delta,
Sarah Wilson,670697.0,1992-06-17,Kimberly Baker,New York,,HP,,,
Michael Brown,,,,New York,,Dell,2022-03-07,Project Alpha,3045.0
Emily Davis,695964.0,,Jessica Garcia,,,Asus,,Project Beta,4336.0
John Doe,658858.0,,,,UI/UX Designer,Asus,2024-02-28,,1352.0
Jane Smith,739662.0,,,Seattle,DevOps Engineer,Dell,2018-01-09,,
John Doe,881916.0,,Christina Dillon,Chicago,,,2017-05-09,,5260.0
John Doe,513078.0,,Dwayne Newman,Chicago,,,2025-04-06,Project Delta,
,276751.0,1992-09-02,Michael Cruz,Seattle,,,2020-10-04,,7096.0
Michael Brown,746111.0,1971-07-18,Thomas Lee,,,Dell,,Project Beta,
Michael Brown,,1975-08-13,,,DevOps Engineer,HP,,Project Omega,5316.0
,761243.0,,,Seattle,Data Scientist,,2020-01-11,Project Omega,8261.0
Sarah Wilson,838918.0,1997-10-12,Karen Chapman,,,,2017-04-15,,7097.0
Sarah Wilson,979187.0,,Rachel Lucas,Chicago,Data Scientist,,,Project Gamma,
Michael Brown,287159.0,2003-01-31,Barry Payne,San Francisco,Data Scientist,,,,
,656093.0,1964-12-01,,Los Angeles,,Asus,2018-04-27,,9486.0
Michael Brown,,1995-04-07,,,Software Engineer,Asus,2016-10-27,,9907.0
John Doe,,1990-08-10,Leslie Nelson,,UI/UX Designer,HP,2022-12-05,,
,745502.0,,,Austin,,HP,2025-04-30,Project Beta,6327.0
Michael Brown,730761.0,2002-11-28,Gary Chang,San Francisco,UI/UX Designer,,,,
John Doe,,1975-12-30,,San Francisco,,Apple,,Project Alpha,4717.0
Sarah Wilson,,2001-03-27,Robert Webb MD,Los Angeles,,Dell,,Project Gamma,
,391012.0,1981-09-03,,Seattle,,Dell,2024-11-27,Project Omega,
,,1988-06-12,Alison Mcneil,Los Angeles,Data Scientist,,,Project Alpha,7552.0
Sarah Wilson,167930.0,2000-08-03,,San Francisco,,Lenovo,,Project Omega,
Sarah Wilson,,1990-09-04,,New York,,Dell,2018-09-25,,8325.0
Sarah Wilson,644089.0,1995-06-13,,Chicago,DevOps Engineer,Apple,,,
Michael Brown,428855.0,,Kimberly Brown,San Francisco,,Asus,,Project Beta,
,,1993-05-08,Mrs. Ashley Evans,,UI/UX Designer,Asus,2021-02-09,,3901.0
Michael Brown,527091.0,1965-08-06,,,,Lenovo,2020-12-30,,5912.0
,,1985-03-20,Cindy Jones,Chicago,Software Engineer,,,Project Beta,8700.0
Emily Davis,911654.0,1974-11-23,Erin Atkinson MD,Chicago,,,2024-06-05,,
,323485.0,1991-10-17,Joseph Bell,Los Angeles,,,2024-11-11,,6465.0
,422357.0,1975-01-27,Larry Davenport,San Francisco,,Dell,,,5398.0
Jane Smith,,1972-03-28,Tammy Wilson,Seattle,Data Scientist,Apple,,,
Sarah Wilson,327342.0,1982-11-14,,,,Asus,2024-11-03,Project Alpha,
Jane Smith,,1986-09-11,,Austin,,HP,2021-11-10,,6621.0
Sarah Wilson,172974.0,,Stephen Mcneil,Austin,,,2018-01-20,Project Gamma,
Emily Davis,775063.0,,,New York,UI/UX Designer,,2023-07-07,,4679.0
,686914.0,,,,Software Engineer,Dell,2024-05-29,Project Beta,2072.0
Jane Smith,,1989-11-09,Holly Shaw,,DevOps Engineer,,,Project Omega,2190.0
,993219.0,,Chelsea Lewis,Austin,,Asus,,Project Gamma,5272.0
Michael Brown,,,Adrienne Sanchez,Austin,Product Manager,Asus,2015-09-29,,
Jane Smith,707253.0,1976-06-09,Jon Walker,,DevOps Engineer,Apple,,,
,,1969-02-24,Jonathan Campbell,,Software Engineer,,2016-02-24,Project Omega,8544.0
Michael Brown,,2000-12-08,Jason Ford,Los Angeles,DevOps Engineer,,,,2000.0
,156859.0,2001-12-10,,Seattle,,,2020-09-02,Project Alpha,3234.0
,644990.0,1999-03-17,,Los Angeles,Software Engineer,,,Project Alpha,4229.0
,,1966-01-29,Duane Bell,,Product Manager,,2021-10-01,Project Omega,5978.0
,,1986-07-31,,New York,UI/UX Designer,Lenovo,2018-01-04,,9836.0
Sarah Wilson,901386.0,1971-03-12,Christopher Carter,,,Lenovo,,Project Alpha,
John Doe,126588.0,1979-06-29,,Seattle,,,2016-06-09,,1322.0
,613823.0,1996-12-24,Monica King,Seattle,,Lenovo,,Project Gamma,
Emily Davis,380481.0,1987-01-26,,,Software Engineer,Lenovo,,Project Beta,
,326263.0,1999-10-14,Zachary Robinson,,Data Scientist,,2016-01-11,,1588.0
Sarah Wilson,193224.0,,,Austin,,Lenovo,2023-08-25,,9397.0
Emily Davis,505087.0,,,,UI/UX Designer,HP,,Project Omega,2797.0
Sarah Wilson,178322.0,1969-12-08,Harry Smith,Los Angeles,Product Manager,,,,
,837974.0,1993-03-26,,New York,Data Scientist,Lenovo,,Project Gamma,
,441646.0,,Tanya Coleman,Austin,,,2016-12-15,Project Omega,2217.0
Michael Brown,668924.0,1967-01-13,,,DevOps Engineer,Dell,,,6199.0
Jane Smith,,1974-06-13,Tonya Lyons,,Product Manager,,2019-04-20,,1552.0
Emily Davis,,,,Los Angeles,Software Engineer,HP,,Project Alpha,5618.0
Emily Davis,597452.0,,,,,Dell,2025-03-03,Project Delta,5804.0
Michael Brown,,,Ryan Hicks,,UI/UX Designer,Lenovo,2023-01-28,,4389.0
,,2001-02-15,Ashley Haley,,,HP,2023-03-03,Project Beta,2651.0
,,1972-04-21,Katherine Hansen,,,Lenovo,2021-12-28,Project Alpha,5103.0
,548029.0,1996-09-04,Heather Jackson,,,Asus,,Project Beta,7292.0
Emily Davis,280201.0,1972-04-05,Brian Evans,New York,,,2022-02-12,,
John Doe,252402.0,,Kimberly Rivera,New York,,,2019-08-24,Project Delta,
Emily Davis,928003.0,,Jeremy Willis,,Software Engineer,Apple,,,6303.0
Emily Davis,492031.0,,,New York,,Dell,2020-12-02,,7648.0
,528860.0,1993-05-04,Antonio Sanchez,Austin,,,,Project Alpha,3665.0
John Doe,540398.0,1980-06-25,Robert Walsh,San Francisco,,,,Project Beta,
Jane Smith,848299.0,,Joann Carroll,Chicago,,,2018-01-30,Project Gamma,
Michael Brown,,1971-11-23,,New York,DevOps Engineer,,2016-03-18,Project Beta,
Michael Brown,639748.0,1986-12-10,Alison Duncan,,Software Engineer,,2021-07-14,,
Emily Davis,833861.0,1981-07-16,,,Software Engineer,Dell,,,2005.0
,514387.0,1989-04-22,Mr. Andrew Yang,Chicago,,Asus,,Project Alpha,
Michael Brown,972888.0,,Ruben Shepherd,Seattle,,,,Project Omega,8075.0
Sarah Wilson,,,Sean Williams,,DevOps Engineer,HP,2020-12-30,Project Omega,
Jane Smith,,,David Garcia,San Francisco,,,2015-12-26,Project Gamma,1842.0
Emily Davis,,1976-06-01,Theresa Evans,,UI/UX Designer,Dell,,,6182.0
,,,Michelle Hall,Chicago,Data Scientist,Lenovo,2016-07-07,,7814.0
,366355.0,1976-06-03,,New York,,HP,2015-12-03,,8127.0
,580302.0,1998-12-05,,New York,DevOps Engineer,,2025-05-17,,9823.0
Emily Davis,996107.0,1969-10-16,,,Software Engineer,,2020-12-12,Project Delta,
Emily Davis,229406.0,1968-06-05,,,Data Scientist,,,Project Omega,9273.0
,,,Isabella Sutton,Chicago,Software Engineer,HP,2018-04-16,,7671.0
John Doe,,,Laura Paul,,,Asus,2023-05-19,Project Delta,8884.0
,,1967-06-11,,Seattle,DevOps Engineer,Apple,2015-08-22,,9491.0
Sarah Wilson,,,,Chicago,Software Engineer,HP,,Project Beta,7987.0
Jane Smith,,1977-09-06,Amy Romero,Austin,,Lenovo,,Project Beta,
,655605.0,1991-01-22,Derrick Ross,,Product Manager,Lenovo,2019-07-13,,
John Doe,,1970-12-03,,,Product Manager,Apple,,Project Alpha,1705.0
Jane Smith,,1986-04-21,William Webster,Seattle,,,2024-09-20,,6060.0
Michael Brown,,,Matthew Poole,New York,Data Scientist,,2021-01-07,,8132.0
Sarah Wilson,,1977-11-23,Ana Lane,,Product Manager,,,Project Beta,1308.0
Emily Davis,,1978-12-30,Renee Duarte,,,Lenovo,2021-05-05,,8060.0
John Doe,,1989-09-06,Jose Mcdonald,New York,,,,Project Alpha,3466.0
,,2003-02-02,Joshua Wilson,,Product Manager,,2023-06-28,Project Alpha,5431.0
Jane Smith,,1997-02-05,Shawna Medina,New York,,,2019-01-16,Project Alpha,
Michael Brown,,,,Chicago,Software Engineer,Apple,2018-09-19,,1349.0
,348765.0,1990-05-22,Donald Foley,Los Angeles,,,,Project Omega,4756.0
,,,Jessica Berry,Seattle,Data Scientist,Apple,,Project Delta,7594.0
,,1982-08-13,John Rogers,,Product Manager,,2017-07-01,Project Beta,5907.0
,,1977-02-09,Tom Hernandez,Los Angeles,DevOps Engineer,HP,2022-12-09,,
,787697.0,1996-06-24,,Austin,UI/UX Designer,,2023-07-16,,9156.0
,,1973-12-06,Lisa Savage,Los Angeles,,Lenovo,,Project Alpha,7435.0
Michael Brown,,1970-06-19,,,,HP,2022-09-17,Project Delta,2727.0
John Doe,,,Melissa Guerrero,,Data Scientist,Lenovo,2025-05-13,,6554.0
John Doe,,,Christina Dunn,,UI/UX Designer,Asus,,Project Alpha,8564.0
John Doe,,1988-01-21,,San Francisco,Data Scientist,,,Project Gamma,1947.0
Sarah Wilson,,1990-07-16,Michael Rivera,Austin,,,2024-03-23,,9476.0
Jane Smith,690121.0,,Lisa Taylor,,Product Manager,HP,,,9664.0
John Doe,,1998-02-27,,,Product Manager,,2020-03-01,Project Gamma,2028.0
Michael Brown,222016.0,1999-04-14,Christopher Watts,,UI/UX Designer,Dell,,,
,708266.0,,Norman Long,,Data Scientist,,2022-06-02,Project Alpha,2396.0
Michael Brown,,,John Bauer,,Data Scientist,Dell,,Project Omega,3163.0
Emily Davis,687692.0,1981-11-02,,Chicago,UI/UX Designer,,,Project Gamma,
Sarah Wilson,,,Kathleen Sims,San Francisco,Data Scientist,Dell,,Project Beta,
Emily Davis,451003.0,,,San Francisco,Software Engineer,,2016-04-10,,1893.0
,,1972-11-01,Linda Rice,New York,Software Engineer,,2023-05-30,Project Gamma,
Sarah Wilson,,,Christian Allen,Chicago,DevOps Engineer,HP,2023-03-05,,
,664323.0,1974-04-17,Robert Griffin,Chicago,UI/UX Designer,,,Project Delta,
,,1995-08-18,,Los Angeles,DevOps Engineer,,2019-02-06,Project Omega,4104.0
Sarah Wilson,756025.0,1965-05-07,Tammy Montgomery,,,,,Project Alpha,4531.0
Emily Davis,346109.0,,William Mills,,Data Scientist,,,Project Omega,5110.0
Emily Davis,602494.0,1975-08-03,Thomas Garcia,,,,,Project Gamma,1633.0
Michael Brown,,1981-08-23,,,Data Scientist,,2016-12-23,Project Beta,3147.0
John Doe,685335.0,1993-04-27,Jim Anderson Jr.,,,,2021-11-25,Project Gamma,
Michael Brown,,1987-11-02,Wendy Patel,Seattle,Software Engineer,,,Project Beta,
,,,Nicholas Medina,New York,Data Scientist,Lenovo,,Project Gamma,5693.0
Michael Brown,,1988-08-01,Jacqueline Clark,Chicago,,,2021-05-15,Project Omega,
,959324.0,1990-01-10,Brian Arnold,,UI/UX Designer,HP,2017-05-19,,
John Doe,439536.0,,,Chicago,,Asus,2019-07-24,Project Alpha,
,,1976-08-16,Melanie Davis,,,Asus,2017-01-23,Project Alpha,7306.0
Emily Davis,,1997-01-07,Alexis Mccarthy,,,,2021-09-27,Project Delta,3371.0
Sarah Wilson,178255.0,,,San Francisco,DevOps Engineer,,2022-01-25,Project Gamma,
,,1991-01-26,,San Francisco,,HP,2022-08-18,Project Alpha,6379.0
,204403.0,,Joshua Sanders,,Product Manager,Lenovo,,Project Omega,2030.0
John Doe,673130.0,,Sharon Owens,,UI/UX Designer,,2019-07-20,,4930.0
Jane Smith,,1993-08-18,,,DevOps Engineer,HP,2020-12-04,Project Delta,
Michael Brown,,1998-09-20,Glenda Morris DVM,,,Apple,2021-02-26,Project Alpha,
Jane Smith,416638.0,1991-04-23,,San Francisco,,,2022-01-18,,7215.0
,,,Joseph Valdez,,DevOps Engineer,HP,2019-11-06,Project Gamma,3113.0
Jane Smith,,,Dwayne Price,New York,Data Scientist,Dell,,Project Gamma,
Jane Smith,,,James Higgins,Austin,Data Scientist,,2022-11-14,Project Gamma,
Sarah Wilson,196866.0,1966-07-18,,Los Angeles,,Asus,2023-05-21,,
,392688.0,1994-03-15,Kristina Garcia,,DevOps Engineer,,2020-08-25,,1069.0
John Doe,734102.0,1980-06-09,,Seattle,Product Manager,,2019-06-14,,
,,1972-06-23,Samuel Patel,Chicago,UI/UX Designer,Lenovo,2019-02-25,,
Michael Brown,498509.0,,Crystal Hall,,Software Engineer,Lenovo,,Project Alpha,
Sarah Wilson,839712.0,,,Austin,DevOps Engineer,HP,2022-06-03,,
,549799.0,,Michael Coleman,Austin,,Apple,,Project Alpha,6494.0
Emily Davis,271647.0,,Patricia Rowe,,Data Scientist,,2024-09-25,,5450.0
Michael Brown,198021.0,,,Los Angeles,Data Scientist,,2021-04-22,,5646.0
,,2001-05-16,Tonya West,New York,Software Engineer,Lenovo,,,3472.0
John Doe,938491.0,,Michael Frank,San Francisco,,Dell,,Project Gamma,
Jane Smith,929312.0,1990-04-02,Dustin Rodriguez Jr.,,,HP,2021-11-27,,
Michael Brown,,1984-11-11,,,Software Engineer,,2023-10-02,Project Omega,1752.0
Sarah Wilson,,1997-09-29,Anthony Jackson,San Francisco,,Asus,,,8301.0
Michael Brown,327178.0,,Michael Mcmahon,New York,,Asus,,Project Omega,
Emily Davis,940352.0,1989-04-04,,New York,,,,Project Alpha,1741.0
,,,Kelly Davis,,DevOps Engineer,Dell,2019-06-26,Project Gamma,1641.0
Jane Smith,472669.0,1966-04-25,Ian Mitchell,Chicago,,,,,8129.0
,542086.0,1983-10-15,,Austin,Data Scientist,Lenovo,,Project Alpha,
,942597.0,1997-10-12,Amy Leon,,Product Manager,,2019-09-05,Project Omega,
John Doe,,,Brittney Smith,New York,Data Scientist,,2021-06-14,,4542.0
Sarah Wilson,181978.0,1998-04-10,,New York,Software Engineer,,,,1834.0
John Doe,,1971-09-28,Melinda Johnson,San Francisco,,,,Project Omega,8705.0
,313489.0,1992-01-25,,Seattle,Product Manager,,2021-11-03,Project Gamma,
Jane Smith,,1985-03-06,Frank Bates,Seattle,,Apple,,Project Omega,
Sarah Wilson,,,Terri Tran,,UI/UX Designer,HP,,Project Beta,6218.0
Jane Smith,,1981-07-10,Michael Hicks,,,Dell,2016-04-08,,9395.0
Jane Smith,425877.0,1967-10-09,Vernon Garcia,San Francisco,UI/UX Designer,,,,
,114689.0,,Keith Garner,Chicago,Product Manager,HP,2020-12-05,,
Sarah Wilson,,1985-06-27,Jessica Adams,,UI/UX Designer,,2021-05-08,,7275.0
Jane Smith,983190.0,,,New York,,,2022-11-24,Project Delta,6838.0
Sarah Wilson,615755.0,,,Los Angeles,,Lenovo,,Project Alpha,7036.0
,409392.0,1986-05-08,,New York,Software Engineer,,,Project Omega,4332.0
Michael Brown,,1997-08-10,Katherine Edwards,,Software Engineer,,2016-03-03,,7002.0
John Doe,,1968-05-31,,,Data Scientist,HP,2024-06-01,Project Alpha,
,606844.0,,Savannah Bonilla,,,Lenovo,2020-10-09,Project Alpha,2817.0
Jane Smith,785032.0,,Patrick Terrell,,,,2022-08-14,Project Delta,4474.0
Michael Brown,732880.0,1968-08-11,Cheryl Flores,New York,,,,Project Omega,
,243538.0,1982-09-01,Joshua Martinez,Seattle,,HP,,Project Alpha,
Jane Smith,,1992-12-14,,Los Angeles,,Apple,2017-02-14,Project Beta,
,,1968-04-04,,Seattle,Product Manager,,2020-02-05,Project Omega,2592.0
Emily Davis,,,,,DevOps Engineer,Dell,2021-11-26,Project Gamma,9833.0
,957414.0,1975-06-18,,Los Angeles,,Apple,2022-12-14,Project Alpha,
Michael Brown,722878.0,1983-06-18,Rebekah Rose,,,,2022-02-06,,3305.0
,,,Cory Bowman,Chicago,,HP,2019-10-17,Project Alpha,1280.0
Michael Brown,,1983-07-28,Seth Salinas,,Software Engineer,Lenovo,,Project Alpha,
Sarah Wilson,608582.0,1974-10-10,,,Product Manager,Dell,,Project Alpha,
Emily Davis,755776.0,1986-11-01,Andres Trevino,,UI/UX Designer,HP,,,
Michael Brown,,,,Chicago,UI/UX Designer,Dell,2017-10-13,,5211.0
Jane Smith,675014.0,2001-04-18,Jermaine Lopez,,,,,Project Delta,3301.0
Michael Brown,986118.0,,James Alexander,Los Angeles,Data Scientist,Apple,,,
,322121.0,1990-03-29,,Los Angeles,,Dell,2023-01-29,,6362.0
,298093.0,,,Los Angeles,UI/UX Designer,Dell,2019-09-05,,7182.0
,,,Matthew Jarvis,New York,Software Engineer,Lenovo,2018-03-24,Project Beta,
,638445.0,,,Seattle,Software Engineer,Lenovo,2024-07-05,Project Delta,
John Doe,,1972-03-11,Madison Heath,,,Lenovo,2024-12-24,,5796.0
Jane Smith,548413.0,,,Chicago,,Asus,2018-06-10,,7698.0
,,1970-04-14,David Woods,New York,Software Engineer,,,Project Alpha,8319.0
John Doe,116464.0,,Crystal Smith,Los Angeles,Software Engineer,,2023-06-28,,
Michael Brown,,1976-12-21,Veronica Kennedy,,Product Manager,Lenovo,,Project Beta,
,,1972-08-10,,,Data Scientist,HP,2024-09-05,Project Delta,4445.0
,266878.0,,Mr. Adam Dixon,New York,,HP,2017-09-28,,7202.0
,189644.0,2000-10-05,Tina Martin,Austin,Software Engineer,,2024-02-19,,
Emily Davis,929047.0,,Christopher Chen,Seattle,Data Scientist,,,,8076.0
John Doe,,1964-06-19,,,,HP,2016-10-13,Project Gamma,2020.0
,,,Andres Ortiz,New York,Data Scientist,,2024-09-07,Project Omega,8088.0
Jane Smith,,1999-07-01,Robin Liu,Chicago,,,2015-12-02,,8249.0
,581411.0,1977-05-29,Emily Allen,,Data Scientist,Lenovo,2022-08-16,,
,477153.0,1972-03-23,Jacob Cordova,Austin,,Dell,,,6022.0
,503022.0,,Daniel Ramirez,New York,,HP,2021-05-09,,2301.0
,505055.0,,Mrs. Sherry Watson,,Data Scientist,Lenovo,,Project Beta,2091.0
,421458.0,,,Austin,Product Manager,Lenovo,2019-06-15,,8140.0
Michael Brown,912846.0,1970-03-06,,,,Lenovo,,Project Delta,8036.0
Michael Brown,993902.0,1990-05-16,,,Data Scientist,,2015-09-03,,4480.0
Emily Davis,266051.0,1984-06-25,,,UI/UX Designer,,2016-05-23,Project Alpha,
,,1996-05-07,,,Data Scientist,Asus,2018-02-10,Project Beta,5419.0
Michael Brown,377586.0,,,Austin,Data Scientist,,2019-01-09,Project Omega,
,866378.0,1989-08-17,,Austin,DevOps Engineer,Apple,,Project Beta,
Sarah Wilson,956414.0,1979-07-13,Daniel Reilly,,,Apple,,Project Beta,
,259611.0,,Timothy Hill,,Data Scientist,Lenovo,,Project Delta,2486.0
Emily Davis,,1974-03-21,,,Product Manager,Apple,,Project Delta,7347.0
,585255.0,1979-04-01,,,Product Manager,,2024-08-22,Project Omega,6785.0
Sarah Wilson,485090.0,,Michelle Hendrix,,Software Engineer,Asus,,Project Beta,
Emily Davis,874545.0,1985-12-04,,Austin,,Apple,,Project Delta,
,,,Ryan Davis,,Software Engineer,Asus,2022-04-01,Project Gamma,7857.0
Jane Smith,,,Katie Kelley,Austin,Product Manager,,2024-12-02,Project Gamma,
John Doe,735534.0,1977-08-29,Dwayne Walls,,DevOps Engineer,,,,6803.0
,830251.0,1966-12-24,Theresa Mullen,,,,2021-01-27,Project Delta,8459.0
,978822.0,,Erin Baker,New York,Product Manager,,,Project Gamma,5355.0
John Doe,796469.0,1986-04-09,,,,Lenovo,2017-09-24,,3201.0
,389199.0,1973-08-21,,Seattle,,,2017-06-01,Project Omega,4664.0
John Doe,401412.0,,Lisa Reed,New York,,,,Project Beta,9918.0
,923751.0,1979-06-30,Dean Mckenzie,Chicago,,,2024-02-03,Project Gamma,
,700288.0,,,San Francisco,DevOps Engineer,Apple,,Project Omega,3724.0
Michael Brown,,1972-11-08,,Los Angeles,,Dell,2025-01-13,Project Alpha,
Sarah Wilson,,1971-07-26,,Austin,UI/UX Designer,Apple,,,7117.0
Jane Smith,,1977-03-16,Wanda Oconnor,San Francisco,,,2023-08-28,,5783.0
Sarah Wilson,345875.0,1993-03-30,Phillip Chapman,,Software Engineer,,,Project Omega,
Sarah Wilson,451868.0,1973-11-14,Megan Moore,,DevOps Engineer,,,,8479.0
Michael Brown,,,Tracy James,Chicago,,Lenovo,2016-12-26,,8470.0
Emily Davis,,1992-01-09,Beverly Horn,Seattle,Product Manager,,2024-05-25,,
Sarah Wilson,860515.0,1971-06-29,,,,,2018-04-28,Project Beta,6984.0
Sarah Wilson,901314.0,2000-07-30,John Watkins,,,,2023-12-09,Project Gamma,
Emily Davis,761146.0,,,San Francisco,Data Scientist,HP,2024-08-02,,
,174452.0,1995-02-21,Kimberly Smith,Los Angeles,,Lenovo,,Project Alpha,
,955795.0,,Leah Adams,,Software Engineer,HP,2015-10-31,Project Gamma,
Michael Brown,,1967-06-10,,New York,DevOps Engineer,,2017-03-01,,1462.0
,,2001-11-06,Nicole Johnston,San Francisco,,Lenovo,2021-01-25,,8361.0
John Doe,,,Alyssa Johnson,San Francisco,Product Manager,Lenovo,2019-10-10,,
,109542.0,,,Chicago,Data Scientist,,2023-04-01,Project Alpha,5790.0
Emily Davis,338137.0,,Stephanie Lopez,,UI/UX Designer,,2019-02-12,Project Gamma,
,527009.0,1993-06-30,,,,Apple,2018-02-09,Project Gamma,7021.0
Michael Brown,,1975-03-16,,Seattle,,Apple,,Project Gamma,3830.0
,,1996-04-26,Jeremy Ramirez,New York,UI/UX Designer,Dell,,Project Gamma,
Michael Brown,713354.0,1979-02-13,Jonathan Wright,Seattle,,,,Project Gamma,
Michael Brown,,1979-01-31,,Los Angeles,DevOps Engineer,,2022-04-05,,6704.0
,640784.0,1986-05-19,Thomas Johnson,,Software Engineer,,2020-04-25,,2394.0
John Doe,,1988-10-28,James Hughes,Austin,UI/UX Designer,Dell,,,
,,1996-03-10,,San Francisco,Software Engineer,,2018-12-23,Project Beta,9718.0
Sarah Wilson,785148.0,1998-05-19,Robert Daugherty,,,Apple,2023-10-07,,
Emily Davis,,1989-02-05,,,Software Engineer,Asus,2020-01-21,Project Delta,
Michael Brown,947708.0,2002-01-28,Gregory Adkins,,,,2020-02-01,,1456.0
Sarah Wilson,112264.0,1983-01-09,Monica Estes,,,,2021-02-21,Project Omega,
,923958.0,,Jessica Jackson,Chicago,,,2017-04-29,Project Omega,3603.0
Jane Smith,,,David Dennis,San Francisco,,Lenovo,2025-01-11,Project Delta,
,787987.0,1985-02-10,,,DevOps Engineer,HP,2020-01-03,Project Omega,
Jane Smith,,,Sarah Gonzales,New York,Software Engineer,,2018-10-27,Project Gamma,
Jane Smith,,1966-10-07,,Seattle,,Asus,,Project Beta,5909.0
,,,Deborah Summers,Austin,,Asus,2024-12-12,Project Alpha,2385.0
,656978.0,,,San Francisco,DevOps Engineer,Asus,,Project Alpha,8512.0
Michael Brown,,1967-09-27,Nathan Wiley,,,Asus,2019-10-09,Project Delta,
Emily Davis,447394.0,1991-07-16,,Los Angeles,,Apple,,,9639.0
,434614.0,,Cassandra Brown,,,Lenovo,2016-05-05,Project Omega,4763.0
Emily Davis,218122.0,,,San Francisco,,HP,2018-10-05,,6542.0
Jane Smith,141073.0,,John Miles,Los Angeles,,Apple,,Project Beta,
,189892.0,1973-06-28,,Austin,,Asus,,Project Gamma,3156.0
,,1995-06-11,Kimberly Vega,Chicago,,Lenovo,2018-10-31,Project Alpha,
,489790.0,,Christine Medina,,Data Scientist,Lenovo,2016-04-08,Project Omega,
Michael Brown,718695.0,,,Los Angeles,,Asus,2019-12-14,,2520.0
Michael Brown,581597.0,,James Bell,New York,,Apple,2019-04-01,,
,405940.0,1977-02-02,Stephen Smith,,Software Engineer,HP,2021-11-25,,
Jane Smith,,1964-12-29,,Seattle,Software Engineer,Apple,2024-03-10,,
,222286.0,1968-09-11,Christopher Hernandez,,,Asus,2023-06-02,,4799.0
Emily Davis,,,Randy Hardy,Austin,,Lenovo,,Project Omega,8504.0
Emily Davis,291314.0,,Stephen Rowland,New York,,Apple,,,3518.0
,293003.0,1985-03-15,,,Product Manager,HP,2023-03-11,,6171.0
,825091.0,1991-11-29,Kyle Mathis,Austin,,,,Project Beta,6828.0
Emily Davis,685208.0,,Tony Valenzuela,,Data Scientist,,,Project Delta,4323.0
Sarah Wilson,359676.0,1984-11-28,Christopher Mueller,Chicago,,,,,7838.0
Emily Davis,,,Patrick Navarro,,UI/UX Designer,Lenovo,,Project Delta,4821.0
Sarah Wilson,509545.0,,,,UI/UX Designer,Dell,2016-03-04,Project Delta,
Emily Davis,,,Scott West,New York,DevOps Engineer,,2024-06-08,,5164.0
Jane Smith,941329.0,,Rebecca Guzman,Seattle,DevOps Engineer,,,Project Omega,
Sarah Wilson,,,,Seattle,Software Engineer,Apple,,Project Gamma,9251.0
Sarah Wilson,,,Brian Frey,,DevOps Engineer,Lenovo,2017-07-21,,2850.0
Emily Davis,,1993-10-29,Mr. William Snow MD,Chicago,Data Scientist,,,Project Alpha,
Sarah Wilson,331018.0,1966-07-25,,New York,,Dell,2016-08-26,,
Jane Smith,,1980-02-07,Dawn Williams,Austin,,,2015-06-18,Project Delta,
Jane Smith,487592.0,,,San Francisco,,,2022-07-14,Project Gamma,6534.0
,,1966-02-12,,Chicago,Software Engineer,,2015-10-17,Project Gamma,8095.0
,,,,Austin,Data Scientist,Lenovo,2023-01-02,Project Alpha,3922.0
Sarah Wilson,,2002-03-27,Shannon Jackson,Los Angeles,Data Scientist,,,Project Alpha,
Emily Davis,509127.0,,Melinda Williams,,,HP,2025-06-04,Project Beta,
,627446.0,,Chelsea Walker,Seattle,,,2021-08-28,Project Alpha,1302.0
John Doe,316859.0,1999-01-07,,,DevOps Engineer,Dell,,Project Alpha,
Emily Davis,,1987-12-21,Brian Kennedy,,,Dell,,Project Alpha,8903.0
Michael Brown,,2002-08-30,,Austin,,Dell,2021-09-12,Project Omega,
,231082.0,1970-01-01,Daniel Adams,,,,2023-04-29,Project Alpha,3547.0
Emily Davis,371340.0,1996-01-02,,New York,Product Manager,,2015-08-18,,
,,1968-03-04,Jessica Ferrell,San Francisco,DevOps Engineer,Apple,2019-03-16,,
Michael Brown,266129.0,1975-07-25,,,,Dell,2022-06-01,Project Gamma,
Jane Smith,280531.0,,Jerome Gutierrez,Los Angeles,Data Scientist,,,Project Omega,
Jane Smith,,,Laura Mitchell,New York,,HP,,Project Alpha,3061.0
Michael Brown,,1975-06-23,Jeffrey Ray,Seattle,,Dell,2021-03-04,,
,657147.0,,Ronald Barton,,Product Manager,Dell,2016-01-31,,5839.0
Jane Smith,326849.0,,,,DevOps Engineer,Asus,,Project Alpha,1124.0
,,2002-08-18,,Austin,UI/UX Designer,HP,2021-05-11,,1835.0
Jane Smith,164177.0,,,,UI/UX Designer,HP,,Project Alpha,1987.0
,304969.0,,,Seattle,UI/UX Designer,Apple,,Project Gamma,8263.0
Emily Davis,764661.0,1999-03-16,,Chicago,UI/UX Designer,,,,9891.0
,512385.0,1964-11-23,Kelsey Kelly,New York,,Apple,,,1992.0
Michael Brown,,,Adam White,,DevOps Engineer,Asus,2015-09-09,Project Delta,
Emily Davis,192693.0,,Natalie Obrien,Chicago,,,2024-08-21,,2171.0
,174382.0,1978-06-01,Francis Allen,Austin,,Dell,2021-07-29,,
Emily Davis,532912.0,1980-11-07,Patricia Gross,,,,2018-04-11,,5701.0
Sarah Wilson,,1987-07-19,Sean Gibson,Austin,,Asus,,Project Gamma,
,930014.0,,Todd Harris,Chicago,,,2017-10-22,Project Omega,7462.0
Sarah Wilson,,,,San Francisco,DevOps Engineer,Asus,,Project Alpha,6336.0
John Doe,261181.0,1978-01-20,Nathan Schultz,,Product Manager,,2022-07-08,,
Michael Brown,834842.0,1982-01-30,Christopher Wilcox,,,,2018-10-03,Project Alpha,
Jane Smith,,1986-06-04,,New York,,HP,2018-01-03,,4134.0
Sarah Wilson,,1978-05-26,John Phillips,New York,,Lenovo,,,4524.0
Jane Smith,,1982-05-18,Madison Kelly,,,Asus,2025-02-23,,3573.0
Jane Smith,877776.0,,Erica Horne,,UI/UX Designer,,,Project Omega,6794.0
John Doe,474321.0,,Joshua Larson,Los Angeles,Software Engineer,Lenovo,,,
,576318.0,1988-02-14,,Seattle,,Lenovo,,Project Delta,3909.0
,,,Marcus Davis,Chicago,DevOps Engineer,Dell,2017-07-21,,3643.0
,742076.0,1982-05-31,,New York,,Apple,,Project Beta,5317.0
Jane Smith,562900.0,,,,,Asus,2023-10-07,Project Delta,9308.0
Jane Smith,878150.0,,,San Francisco,,,2016-03-07,Project Omega,9596.0
Sarah Wilson,,,Danielle Duran,,UI/UX Designer,Dell,,Project Alpha,4649.0
,,,Angela Rosales,Seattle,Data Scientist,Dell,2020-07-22,,5638.0
Michael Brown,813886.0,,Christopher English,,,Lenovo,,Project Gamma,2682.0
Michael Brown,215311.0,,,Seattle,UI/UX Designer,Apple,2024-09-17,,
,169154.0,1987-03-02,Victoria Moore,Los Angeles,UI/UX Designer,,,,9615.0
,975559.0,,Julian Curtis,,UI/UX Designer,Dell,2019-10-04,,7231.0
,865493.0,1986-12-22,,Seattle,Product Manager,,,Project Beta,5576.0
,,1995-08-28,Edward Russo,Los Angeles,,HP,2016-10-20,Project Beta,
,571748.0,,Adam Murray,Chicago,DevOps Engineer,,2017-06-08,Project Omega,
Jane Smith,,,,Austin,Data Scientist,HP,,Project Beta,4485.0
Emily Davis,,1984-11-06,Joseph Graham,San Francisco,,Lenovo,2021-08-05,,
,908823.0,1999-02-10,,San Francisco,Data Scientist,Dell,,,2176.0
John Doe,,,Yvonne Hall,Austin,Product Manager,,,Project Alpha,9709.0
,300342.0,,,,UI/UX Designer,HP,2022-12-29,Project Alpha,9911.0
,,1983-12-28,,Austin,Software Engineer,Dell,2015-10-05,Project Gamma,
,711876.0,,Pamela Myers,Los Angeles,DevOps Engineer,,2024-04-26,Project Beta,
Emily Davis,,1994-10-02,,New York,DevOps Engineer,Apple,,,9021.0
,766379.0,,,,Software Engineer,Asus,2019-08-28,Project Delta,3176.0
Sarah Wilson,,1988-06-07,,,Software Engineer,Asus,2018-10-22,Project Alpha,
Michael Brown,826889.0,,Peter Chavez,Seattle,UI/UX Designer,,2023-02-13,,
,,1992-02-27,,Los Angeles,Software Engineer,Apple,2016-07-12,Project Omega,
Emily Davis,973782.0,,Darrell Austin,,UI/UX Designer,,2015-07-31,Project Gamma,
Emily Davis,626122.0,1996-05-07,,San Francisco,,Asus,,,9959.0
Jane Smith,,1973-10-23,,,Data Scientist,,2024-02-25,Project Beta,3581.0
,590108.0,1985-02-26,,Los Angeles,,,2019-07-01,Project Alpha,4694.0
,655323.0,1978-07-11,Joel Ryan,New York,Data Scientist,Lenovo,,,
Emily Davis,281052.0,,,San Francisco,,Asus,2020-01-28,,6261.0
,657851.0,1972-05-27,,Seattle,,Asus,,Project Delta,1541.0
,707523.0,,William Mcintyre,Chicago,Data Scientist,,2018-11-01,Project Alpha,
,976584.0,1986-05-16,Jorge Oconnor,New York,,Lenovo,,,5209.0
Emily Davis,,1971-09-05,Adam Nguyen,,UI/UX Designer,,,Project Beta,5786.0
Emily Davis,108495.0,1990-12-26,Natasha Richardson,,Product Manager,Dell,,,
,969276.0,2001-11-10,,New York,Software Engineer,,2019-09-17,,5483.0
John Doe,,1965-10-28,,,Software Engineer,Lenovo,2017-12-23,,8059.0
Sarah Wilson,,1969-01-08,,Austin,UI/UX Designer,Lenovo,2023-10-03,,
,829814.0,,,Seattle,Software Engineer,,2021-01-16,Project Alpha,4998.0
John Doe,433411.0,,,New York,UI/UX Designer,,,Project Gamma,3137.0
Jane Smith,,,Paige Saunders,Austin,,,2022-11-22,Project Delta,9325.0
Jane Smith,764082.0,,Amy French,,Software Engineer,Asus,,,1879.0
,,1991-08-07,Robert Davis,Chicago,Software Engineer,,2021-10-22,Project Omega,
,,1975-07-19,Courtney Campbell,Seattle,Data Scientist,Lenovo,,Project Beta,
,564792.0,2002-09-28,Karen Moss,,Product Manager,,,Project Alpha,2208.0
Michael Brown,821477.0,,Shawn Bernard,,Software Engineer,Lenovo,,,5384.0
,,2001-03-09,Taylor Duncan,Chicago,,Lenovo,2016-06-19,Project Beta,
,,,Ryan White,New York,UI/UX Designer,Lenovo,2016-11-14,Project Omega,
,396292.0,1982-05-27,,,UI/UX Designer,Lenovo,2021-09-06,,7689.0
Jane Smith,,1984-08-08,,Los Angeles,,Apple,2020-02-22,,5784.0
,,1968-06-17,Melissa Parsons,Seattle,,HP,2022-06-25,,5214.0
John Doe,,,Toni Carter,Los Angeles,Software Engineer,,,Project Omega,9240.0
,246912.0,,Stacy Williams,Seattle,Product Manager,,2020-11-07,,1234.0
Sarah Wilson,769026.0,,,San Francisco,,Asus,,Project Gamma,4127.0
,,1992-10-24,,New York,Software Engineer,,2021-06-03,Project Omega,5619.0
,922347.0,,Chad Hammond,San Francisco,,HP,,Project Alpha,4591.0
Jane Smith,579438.0,,,Austin,,Apple,2023-11-27,Project Alpha,
John Doe,,2000-08-07,Brandy Nelson,,,Asus,2023-12-18,,4606.0
,131084.0,,Michael Coffey,,DevOps Engineer,HP,2024-06-30,Project Gamma,
Emily Davis,536965.0,,Andrew Ramirez,,UI/UX Designer,Lenovo,,,5981.0
John Doe,,1969-04-28,Nathan English,Chicago,UI/UX Designer,,,,2600.0
Michael Brown,,,Carrie Nelson,,UI/UX Designer,,2019-12-15,Project Gamma,6633.0
,649897.0,,Susan Barber,Los Angeles,DevOps Engineer,,2016-02-26,Project Alpha,
